step,t,ego_x,ego_y,ego_yaw,ego_speed,cte_m,heading_err_rad,ref_idx,ref_x,ref_y,ref_yaw,v_ref,speed_err_mps,steer,throttle,brake,steer_sat,throttle_sat,brake_sat,d_steer,d_throttle,d_brake
0,0.0,-64.6448745727539,24.47097396850586,0.0027785365625974416,0.0,2.7677513059209957e-15,0.0,4,-62.64488229301437,24.476531034480708,0.0027785365625974416,5.0,5.0,5.4370447726025724e-15,0.6000000238418579,0.0,0,0,0,,,
1,0.05,-64.6448745727539,24.47097396850586,0.0027785365625974416,0.0019584459927106885,5.231058641808062e-15,0.0,5,-62.14488422307949,24.477920300974418,0.0027785365625974416,5.0,4.9980415540072896,1.0255946076122638e-14,0.6000000238418579,0.0,0,0,0,4.8189013035200654e-15,0.0,0.0
2,0.1,-64.6448745727539,24.470972061157227,0.002778535782374466,0.0004166649453348219,5.27008992001754e-15,0.0,5,-62.144884223074065,24.477918391675235,0.002778535782374466,5.0,4.999583335054665,1.0348393793084814e-14,0.6000000238418579,0.0,0,0,0,9.24477169621761e-17,0.0,0.0
3,0.15000000000000002,-64.6448745727539,24.470972061157227,0.002778535782374466,0.001295643848351752,5.27008992001754e-15,0.0,5,-62.144884223074065,24.477918391675235,0.002778535782374466,5.0,4.998704356151649,1.0339309364725512e-14,0.6000000238418579,0.0,0,0,0,-9.084428359302371e-18,0.0,0.0
4,0.2,-64.6448745727539,24.470972061157227,0.002778535782374466,0.0014639668995752044,5.27008992001754e-15,0.0,5,-62.144884223074065,24.477918391675235,0.002778535782374466,5.0,4.998536033100425,1.0337571253117746e-14,0.6000000238418579,0.0,0,0,0,-1.7381116077658243e-18,0.0,0.0
5,0.25,-64.6448745727539,24.47096824645996,0.002778535782374466,0.0013273052481106253,5.27008992001754e-15,0.0,5,-62.144884223074065,24.47791457697797,0.002778535782374466,5.0,4.99867269475189,1.0338982410007871e-14,0.6000000238418579,0.0,0,0,0,1.4111568901256644e-18,0.0,0.0
6,0.30000000000000004,-64.6448745727539,24.47096824645996,0.002778535782374466,0.0010892203100913106,5.27008992001754e-15,0.0,5,-62.144884223074065,24.47791457697797,0.002778535782374466,5.0,4.998910779689909,1.034144134665375e-14,0.6000000238418579,0.0,0,0,0,2.458936645879234e-18,0.0,0.0
7,0.35000000000000003,-64.6448745727539,24.47096824645996,0.002778535782374466,0.0008439065562848639,5.27008992001754e-15,0.0,5,-62.144884223074065,24.47791457697797,0.002778535782374466,5.0,4.999156093443715,1.0343976516264883e-14,0.6000000238418579,0.0,0,0,0,2.535169611132121e-18,0.0,0.0
8,0.4,-64.6448745727539,24.47096824645996,0.002778535782374466,0.0006302834577857216,5.27008992001754e-15,0.0,5,-62.144884223074065,24.47791457697797,0.002778535782374466,5.0,4.999369716542215,1.0346184731158375e-14,0.6000000238418579,0.0,0,0,0,2.208214893491961e-18,0.0,0.0
9,0.45,-64.6448745727539,24.47096824645996,0.002778535782374466,0.0002048302541253658,5.27008992001754e-15,0.0,5,-62.144884223074065,24.47791457697797,0.002778535782374466,5.0,4.999795169745875,1.0350585067319361e-14,0.6000000238418579,0.0,0,0,0,4.40033616098609e-18,0.0,0.0
10,0.5,-64.6448745727539,24.47096824645996,0.002778535782374466,0.000279150101864845,5.27008992001754e-15,0.0,5,-62.144884223074065,24.47791457697797,0.002778535782374466,5.0,4.999720849898135,1.0349815961403254e-14,0.6000000238418579,0.0,0,0,0,-7.691059161069047e-19,0.0,0.0
11,0.55,-64.6448745727539,24.47096824645996,0.002778535782374466,0.0002700424919432024,5.27008992001754e-15,0.0,5,-62.144884223074065,24.47791457697797,0.002778535782374466,5.0,4.999729957508057,1.0349910829093346e-14,0.6000000238418579,0.0,0,0,0,9.486769009248164e-20,0.0,0.0
12,0.6000000000000001,-64.6448745727539,24.47096824645996,0.002778535782374466,0.00022925387921202603,5.27008992001754e-15,0.0,5,-62.144884223074065,24.47791457697797,0.002778535782374466,5.0,4.999770746120788,1.0350332651501079e-14,0.6000000238418579,0.0,0,0,0,4.2182240773264157e-19,0.0,0.0
13,0.65,-64.63790893554688,24.470991134643555,0.002773662249594486,0.4188455907295449,-3.507610868425104e-15,0.0,5,-62.13791855204355,24.47792528137657,0.002773662249594486,5.0,4.5811544092704555,-4.856373617590122e-15,0.6000000238418579,0.0,0,0,0,-1.52067062690912e-14,0.0,0.0
14,0.7000000000000001,-64.5921630859375,24.47111701965332,0.0027730557562681123,1.1536696336660175,6.158268339717665e-17,0.0,5,-62.09217269822913,24.478049650158848,0.0027730557562681123,5.0,3.8463303663339827,5.617141341364255e-17,0.6000000238418579,0.0,0,0,0,4.9125450310037646e-15,0.0,0.0
15,0.75,-64.51856231689453,24.471323013305664,0.0027726651246316575,1.6634053863377052,2.968111867396317e-15,0.0,5,-62.018571926478245,24.478254667235852,0.0027726651246316575,5.0,3.336594613662295,2.1891666048158695e-15,0.6000000238418579,0.0,0,0,0,2.132995191402227e-15,0.0,0.0
16,0.8,-64.42422485351562,24.471588134765625,0.002767387696424637,2.01047929030368,4.326400349086157e-15,0.0,5,-61.92423442655284,24.47850659517591,0.002767387696424637,5.0,2.98952070969632,2.823104061991117e-15,0.6000000238418579,0.0,0,0,0,6.339374571752475e-16,0.0,0.0
17,0.8500000000000001,-64.31543731689453,24.471891403198242,0.00276573882520285,2.2799977580001616,2.463307335887066e-15,0.0,5,-61.815446878527496,24.47880574144625,0.00276573882520285,5.0,2.7200022419998384,1.4753018481882853e-15,0.6000000238418579,0.0,0,0,0,-1.3478022138028317e-15,0.0,0.0
18,0.9,-64.19441986083984,24.47222137451172,0.002772198031143593,2.510395348215745,-3.4486302702418925e-15,0.0,6,-61.19443138845535,24.480537957952873,0.002772198031143593,5.0,2.489604651784255,-1.929862926365253e-15,0.6000000238418579,0.0,0,0,0,-3.405164774553538e-15,0.0,0.0
19,0.9500000000000001,-64.06221008300781,24.47258758544922,0.0027707975309023743,2.7325179538379856,-4.803449304979779e-15,0.0,6,-61.06222159897888,24.480899967405787,0.0027707975309023743,5.0,2.2674820461620144,-2.5280585577816842e-15,0.6000000238418579,0.0,0,0,0,-5.981956314164314e-16,0.0,0.0
20,1.0,-63.91962432861328,24.472980499267578,0.0027703749101239193,2.931108518345954,-3.4555691641457997e-15,0.0,6,-60.91963584107163,24.481291613366675,0.0027703749101239193,5.0,2.068891481654046,-1.726793447645494e-15,0.6000000238418579,0.0,0,0,0,8.012651101361903e-16,0.0,0.0
21,1.05,-63.76702117919922,24.473405838012695,0.0027701876566097734,3.132584672129331,-2.9334173978767808e-15,0.0,6,-60.76703269010134,24.481716390353405,0.0027701876566097734,5.0,1.867415327870669,-1.3944018372751455e-15,0.6000000238418579,0.0,0,0,0,3.3239161037034847e-16,0.0,0.0
22,1.1,-63.60483169555664,24.473854064941406,0.002770011846365936,3.3183570867089656,3.193625919273302e-15,0.0,6,-60.60484320499773,24.482164089853402,0.002770011846365936,5.0,1.6816429132910344,1.4527849595931874e-15,0.6000000238418579,0.0,0,0,0,2.847186796868333e-15,0.0,0.0
23,1.1500000000000001,-63.43317794799805,24.47433090209961,0.0027698331753045215,3.5098851857120024,4.0419056990259605e-15,0.0,6,-60.43318945595442,24.482640391000476,0.0027698331753045215,5.0,1.4901148142879976,1.7605830742191257e-15,0.5960459113121033,0.0,0,0,0,3.0779811462593827e-16,-0.003954112529754639,0.0
24,1.2000000000000002,-63.25227355957031,24.474830627441406,0.002769654764317432,3.6908613159237476,-4.6178338930502605e-15,0.0,6,-60.25228506604423,24.483139581111374,0.002769654764317432,5.0,1.3091386840762524,-1.9338444047338216e-15,0.5236554741859436,0.0,0,0,0,-3.694427478952947e-15,-0.07239043712615967,0.0
25,1.25,-63.06239700317383,24.47535514831543,0.002769481814891172,3.86607055488632,-8.425551922819352e-15,0.0,6,-60.06240850821076,24.483663583139112,0.002769481814891172,5.0,1.1339294451136799,-3.4013851017846526e-15,0.45357176661491394,0.0,0,0,0,-1.467540697050831e-15,-0.07008370757102966,0.0
26,1.3,-62.86469650268555,24.475902557373047,0.002769330711708229,4.009903073509367,8.153200337090993e-16,0.0,6,-59.86470800646708,24.48421053888891,0.002769330711708229,5.0,0.990096926490633,3.196941100349737e-16,0.3960387706756592,0.0,0,0,0,3.721079211819626e-15,-0.05753299593925476,0.0
27,1.35,-62.66010284423828,24.477041244506836,0.0027634881419925424,4.130662294583302,-4.3298697960381105e-15,0.0,6,-59.66011429953106,24.485331698380627,0.0027634881419925424,5.0,0.8693377054166982,-1.6578194488714578e-15,0.34773507714271545,0.0,0,0,0,-1.9775135589064315e-15,-0.048303693532943726,0.0
28,1.4000000000000001,-62.4504508972168,24.476806640625,0.002536237797373369,4.224530685513077,1.5525775109992423e-15,0.0,6,-59.45046054596487,24.484415345859944,0.002536237797373369,5.0,0.7754693144869229,5.837700779895395e-16,0.3101877272129059,0.0,0,0,0,2.2415895268609973e-15,-0.03754734992980957,0.0
29,1.4500000000000002,-62.23694610595703,24.476842880249023,0.0022830481597070937,4.294549195413473,2.22218077272629e-15,0.0,6,-59.23695392441699,24.483692018778168,0.0022830481597070937,5.0,0.7054508045865271,8.244916005828505e-16,0.2821803092956543,0.0,0,0,0,2.40721522593311e-16,-0.028007417917251587,0.0
30,1.5,-62.021141052246094,24.476680755615234,0.0023548710655781437,4.340988072459661,-5.9440299904345295e-15,0.0,6,-59.02114937036885,24.483745362282605,0.0023548710655781437,5.0,0.6590119275403392,-2.1862267652141866e-15,0.2636047601699829,0.0,0,0,0,-3.010718365797037e-15,-0.018575549125671387,0.0
31,1.55,-61.80324172973633,24.477468490600586,0.002381348712478416,4.379669696739486,4.377574691627473e-15,0.0,6,-58.803250235964846,24.484612529985917,0.002381348712478416,5.0,0.6203303032605136,1.598504272674081e-15,0.24813212454319,0.0,0,0,0,3.7847310378882676e-15,-0.015472635626792908,0.0
32,1.6,-61.58364486694336,24.47828483581543,0.002383887558041048,4.403249162823751,-4.952635523913784e-16,0.0,6,-58.58365339131915,24.485436491715834,0.002383887558041048,5.0,0.5967508371762493,-1.8005998752627342e-16,0.23870033025741577,0.0,0,0,0,-1.7785642602003544e-15,-0.009431794285774231,0.0
33,1.6500000000000001,-61.36299133300781,24.478933334350586,0.002384060507467308,4.420648655222774,1.491862189340054e-16,0.0,6,-58.362999858620526,24.486085509097794,0.002384060507467308,5.0,0.5793513447772263,5.4064637333029196e-17,0.2317405343055725,0.0,0,0,0,2.341246248593026e-16,-0.006959795951843262,0.0
34,1.7000000000000002,-61.14170837402344,24.479503631591797,0.002384081313413324,4.429051745918859,2.2126397936084174e-15,0.0,6,-58.14171689978496,24.486655868756664,0.002384081313413324,5.0,0.5709482540811406,8.006128947668045e-16,0.2283792942762375,0.0,0,0,0,7.465482574337753e-16,-0.003361240029335022,0.0
35,1.75,-60.92006301879883,24.480043411254883,0.002384087555197129,4.435458541975084,-1.7867651802561113e-15,0.0,6,-57.920071544604994,24.487195667145052,0.002384087555197129,5.0,0.564541458024916,-6.457540432454778e-16,0.22581657767295837,0.0,0,0,0,-1.4463669380122824e-15,-0.0025627166032791138,0.0
36,1.8,-60.69826126098633,24.480573654174805,0.002384087295122804,4.436318636909597,-7.538240864857215e-15,0.0,6,-57.69826978679063,24.48772590928476,0.002384087295122804,5.0,0.563681363090403,-2.723961396613843e-15,0.22547253966331482,0.0,0,0,0,-2.078207353368365e-15,-0.0003440380096435547,0.0
37,1.85,-60.476409912109375,24.481103897094727,0.0023840844343052266,4.437713917039092,-6.89986262569775e-15,0.0,6,-57.47641843789322,24.48825614362225,0.0023840844343052266,5.0,0.5622860829609078,-2.492641992674614e-15,0.22491443157196045,0.0,0,0,0,2.313194039392291e-16,-0.0005581080913543701,0.0
38,1.9000000000000001,-60.25459289550781,24.48163604736328,0.0023840828738592753,4.435455681957502,4.760948579818347e-15,0.0,6,-57.2546014212805,24.48878828920947,0.0023840828738592753,5.0,0.5645443180424978,1.7206533058108475e-15,0.2258177250623703,0.0,0,0,0,4.213295298485461e-15,0.0009032934904098511,0.0
39,1.9500000000000002,-60.0328369140625,24.48216438293457,0.002384082353710625,4.4351047940508765,-3.187554387107383e-15,0.0,6,-57.03284543983146,24.489316623220326,0.002384082353710625,5.0,0.5648952059491235,-1.1520876280432003e-15,0.22595807909965515,0.0,0,0,0,-2.872740933854048e-15,0.00014035403728485107,0.0
40,2.0,-59.81117630004883,24.482694625854492,0.0023840828738592753,4.432011597091361,4.760948579818347e-15,0.0,6,-56.81118482582151,24.48984686770068,0.0023840828738592753,5.0,0.5679884029086386,1.721744284246911e-15,0.2271953672170639,0.0,0,0,0,2.8738319122901114e-15,0.0012372881174087524,0.0
41,2.0500000000000003,-59.59006118774414,24.483407974243164,0.0024367252982466004,4.433765970562144,-4.55278176270113e-15,0.0,6,-56.590070094185,24.490718142903724,0.0024367252982466004,5.0,0.5662340294378563,-1.6459314473358621e-15,0.22649361193180084,0.0,0,0,0,-3.367675731582773e-15,-0.0007017552852630615,0.0
42,2.1,-59.368568420410156,24.48316764831543,0.0027050275948761002,4.430374557207015,-3.8354736053847205e-15,0.0,6,-56.3685793961649,24.491282721203486,0.0027050275948761002,5.0,0.5696254427929848,-1.387474590074263e-15,0.22785018384456635,0.0,0,0,0,2.5845685726159917e-16,0.001356571912765503,0.0
43,2.15,-59.14744567871094,24.48371124267578,0.002923574032053703,4.424154518339418,-2.2898349882893854e-15,0.0,6,-56.14745849962949,24.49248195227764,0.002923574032053703,5.0,0.5758454816605818,-8.292929539048023e-16,0.2303381860256195,0.0,0,0,0,5.581816361694607e-16,0.0024880021810531616,0.0
44,2.2,-58.925750732421875,24.483673095703125,0.0029463370373671,4.420310944554891,-6.879913305724017e-15,0.0,6,-55.92576375376536,24.492512094026807,0.0029463370373671,5.0,0.5796890554451091,-2.49341512199722e-15,0.23187562823295593,0.0,0,0,0,-1.6641221680924179e-15,0.0015374422073364258,0.0
45,2.25,-58.70450973510742,24.484603881835938,0.002949394211059862,4.421060705853727,-6.229392002232714e-15,0.0,6,-55.70452278348728,24.493452051640848,0.002949394211059862,5.0,0.5789392941462728,-2.2573413221250527e-15,0.23157571256160736,0.0,0,0,0,2.3607379987216747e-16,-0.0002999156713485718,0.0
46,2.3000000000000003,-58.48343276977539,24.485414505004883,0.0029509151257136497,4.42000895465958,-4.90059381963448e-15,0.0,6,-55.48344583161603,24.494267237533897,0.0029509151257136497,5.0,0.57999104534042,-1.7761700686353809e-15,0.23199641704559326,0.0,0,0,0,4.811712534896718e-16,0.0004207044839859009,0.0
47,2.35,-58.26237106323242,24.48612403869629,0.0029513369662691287,4.421733187935459,3.757411048965764e-15,0.0,6,-55.26238412880777,24.49497803674145,0.0029513369662691287,5.0,0.5782668120645411,1.3614020689248284e-15,0.23130673170089722,0.0,0,0,0,3.1375721375602092e-15,-0.0006896853446960449,0.0
48,2.4000000000000004,-58.041316986083984,24.486793518066406,0.0029514352743640554,4.420901922630648,-1.0928757898653885e-15,0.0,6,-55.041330052529766,24.495647811034573,0.0029514352743640554,5.0,0.5790980773693519,-3.960363954776157e-16,0.23163923621177673,0.0,0,0,0,-1.757438464402444e-15,0.0003325045108795166,0.0
49,2.45,-57.82023239135742,24.48745346069336,0.002951454259789795,4.422618602374792,2.366162821232365e-15,0.0,6,-54.82024545797131,24.49630781061755,0.002951454259789795,5.0,0.5773813976252082,8.571787608360716e-16,0.23095256090164185,0.0,0,0,0,1.2532151563136873e-15,-0.0006866753101348877,0.0
50,2.5,-57.59913635253906,24.488107681274414,0.002951456080310072,4.421683030005103,2.4216739724636227e-15,0.0,6,-54.599149419169066,24.496962036660143,0.002951456080310072,5.0,0.5783169699948969,8.774398948135128e-16,0.23132678866386414,0.0,0,0,0,2.026113397744127e-17,0.00037422776222229004,0.0
51,2.5500000000000003,-57.37800979614258,24.48876190185547,0.002951454259789795,4.423263824096983,2.366162821232365e-15,0.0,6,-54.37802286275647,24.49761625177966,0.002951454259789795,5.0,0.576736175903017,8.570767992450458e-16,0.2306944727897644,0.0,0,0,0,-2.0363095568467007e-17,-0.0006323158740997314,0.0
52,2.6,-57.15688705444336,24.48941421508789,0.0029514521791951936,4.422197689644451,-2.2412627309620348e-15,0.0,6,-54.156900121038824,24.49826855877033,0.0029514521791951936,5.0,0.5778023103555494,-8.119947941164158e-16,0.23112092912197113,0.0,0,0,0,-1.6690715933614616e-15,0.0004264563322067261,0.0
53,2.6500000000000004,-56.93573760986328,24.49006462097168,0.002951450098600592,4.423659269233668,-3.2977093278319103e-15,0.0,6,-53.93575067644032,24.498918958412364,0.002951450098600592,5.0,0.576340730766332,-1.1944165113954579e-15,0.2305362969636917,0.0,0,0,0,-3.8242171727904213e-16,-0.0005846321582794189,0.0
54,2.7,-56.71459197998047,24.49071502685547,0.002951448538154641,4.422493452638013,1.2247147740396258e-15,0.0,6,-53.714605046543696,24.49956935961483,0.002951448538154641,5.0,0.5775065473619874,4.436819458211109e-16,0.23100261390209198,0.0,0,0,0,1.6380984572165688e-15,0.00046631693840026855,0.0
55,2.75,-56.493431091308594,24.491363525390625,0.002951447757931665,4.423871561933423,1.7312540290248535e-15,0.0,6,-53.49344415786491,24.50021785580933,0.002951447757931665,5.0,0.5761284380665774,6.27028421182731e-16,0.23045137524604797,0.0,0,0,0,1.833464753616201e-16,-0.0005512386560440063,0.0
56,2.8000000000000003,-56.27227783203125,24.492013931274414,0.0029514467176343646,4.422640874479572,1.1934897514720433e-15,0.0,6,-53.272290898578355,24.50086825857224,0.0029514467176343646,5.0,0.5773591255204282,4.32358174107505e-16,0.23094365000724792,0.0,0,0,0,-1.9467024707522603e-16,0.0004922747611999512,0.0
57,2.85,-56.05110549926758,24.492660522460938,0.002951445937411389,4.423969375683694,5.230191280070073e-15,0.0,6,-53.051118565807776,24.5015148474181,0.002951445937411389,5.0,0.5760306243163056,1.8942451909332095e-15,0.23041224479675293,0.0,0,0,0,1.4618870168257045e-15,-0.0005314052104949951,0.0
58,2.9000000000000004,-55.8299446105957,24.493310928344727,0.0029514456773370636,4.42270291183633,6.539907504432563e-16,0.0,6,-52.8299576771336,24.502165252521674,0.0029514456773370636,5.0,0.5772970881636699,2.3691448007231736e-16,0.23091883957386017,0.0,0,0,0,-1.6573307108608921e-15,0.0005065947771072388,0.0
59,2.95,-55.60877227783203,24.49395751953125,0.0029514454172627387,4.424006129515907,-3.918740332231607e-15,0.0,6,-52.608785344367625,24.502811842927983,0.0029514454172627387,5.0,0.5759938704840932,-1.4192605602111647e-15,0.2303975522518158,0.0,0,0,0,-1.656175040283482e-15,-0.0005212873220443726,0.0
60,3.0,-55.387611389160156,24.494604110717773,0.0029514454172627387,4.422721536886716,-3.918740332231607e-15,0.0,6,-52.38762445569575,24.503458434114506,0.0029514454172627387,5.0,0.5772784631132843,-1.4195968322912246e-15,0.23091138899326324,0.0,0,0,0,-3.3627208005995723e-19,0.0005138367414474487,0.0
61,3.0500000000000003,-55.166439056396484,24.495250701904297,0.0029514443769654377,4.424011873142167,-4.4374226515486725e-15,0.0,6,-52.16645212292286,24.504105022180152,0.0029514443769654377,5.0,0.5759881268578333,-1.607111503846724e-15,0.23039525747299194,0.0,0,0,0,-1.8751467155549931e-16,-0.0005161315202713013,0.0
62,3.1,-54.94527816772461,24.49589729309082,0.0029514443769654377,4.422720122620466,-4.4374226515486725e-15,0.0,6,-51.94529123425099,24.504751613366675,0.0029514443769654377,5.0,0.5772798773795342,-1.6074942568597645e-15,0.2309119552373886,0.0,0,0,0,-3.8275301304053697e-19,0.0005166977643966675,0.0
63,3.1500000000000004,-54.7241096496582,24.49654769897461,0.0029514443769654377,4.4240061637083095,-4.4374226515486725e-15,0.0,6,-51.72412271618458,24.505402019250464,0.0029514443769654377,5.0,0.5759938362916905,-1.6071131979126184e-15,0.2303975373506546,0.0,0,0,0,3.8105894714602837e-19,-0.0005144178867340088,0.0
64,3.2,-54.50294876098633,24.497194290161133,0.002951443596742462,4.422712979529767,-3.953434801751143e-15,0.0,6,-51.5029618275058,24.50604860809633,0.002951443596742462,5.0,0.5772870204702327,-1.4321674365031889e-15,0.23091480135917664,0.0,0,0,0,1.7494576140942956e-16,0.0005172640085220337,0.0
65,3.25,-54.281776428222656,24.497840881347656,0.002951443596742462,4.423999018343168,-3.953434801751143e-15,0.0,6,-51.28178949474213,24.506695199282852,0.002951443596742462,5.0,0.5760009816568319,-1.4318278821704583e-15,0.23040039837360382,0.0,0,0,0,3.3955433273056765e-19,-0.0005144029855728149,0.0
66,3.3000000000000003,-54.06061553955078,24.49848747253418,0.002951443596742462,4.422705832755346,-3.953434801751143e-15,0.0,6,-51.06062860607025,24.507341790469376,0.002951443596742462,5.0,0.5772941672446539,-1.4321693423273202e-15,0.23091766238212585,0.0,0,0,0,-3.4146015686188982e-19,0.0005172640085220337,0.0
67,3.35,-53.83944320678711,24.499135971069336,0.002951443596742462,4.4239928232604955,-3.953434801751143e-15,0.0,6,-50.83945627330658,24.507990289004532,0.002951443596742462,5.0,0.5760071767395045,-1.4318294703572344e-15,0.230402871966362,0.0,0,0,0,3.39871970085788e-19,-0.000514790415763855,0.0
68,3.4000000000000004,-53.61827850341797,24.49978256225586,0.002951443596742462,4.422700590374226,-3.953434801751143e-15,0.0,6,-50.61829156993744,24.508636880191055,0.002951443596742462,5.0,0.5772994096257742,-1.4321707187558595e-15,0.2309197634458542,0.0,0,0,0,-3.4124839862507625e-19,0.0005168914794921875,0.0
69,3.45,-53.39710998535156,24.500429153442383,0.002951443596742462,4.42398901092972,-0.35382452152959654,-0.1889217650447838,6,-50.408412154792146,24.29815506445691,-0.18597032144804135,5.0,0.57601098907028,-0.17142857611179352,0.23040439188480377,0.0,0,0,0,-0.17142857611179207,-0.000515371561050415,0.0
70,3.5,-53.17627716064453,24.497175216674805,-0.0004074636142728328,4.41133729042221,-0.3538245215295992,-0.18892176504478442,6,-50.18827560831728,24.284863528924475,-0.18932922865905724,5.0,0.5886627095777897,-0.34285715222358704,0.23546507954597473,0.0,0,0,0,-0.17142857611179352,0.0050606876611709595,0.0
71,3.5500000000000003,-52.95744323730469,24.48306655883789,-0.011863317391866975,4.3761626992622285,-0.3538245215295929,-0.18892176504478403,6,-49.97206990884548,24.23653944229721,-0.200785082436651,5.0,0.6238373007377715,-0.43828728795051575,0.24953491985797882,0.0,0,0,0,-0.09543013572692871,0.01406984031200409,0.0
72,3.6,-52.74272155761719,24.455286026000977,-0.03196059416144634,4.327269541783863,0.3538245215295947,0.188921765044784,6,-49.749414202986436,24.570787585206606,0.15696117088333766,5.0,0.6727304582161366,-0.2668587267398834,0.2690921723842621,0.0,0,0,0,0.17142856121063232,0.019557252526283264,0.0
73,3.6500000000000004,-52.53006362915039,24.419225692749023,-0.054164976469064,4.343599103251132,0.3538245215295922,0.18892176504478353,6,-49.53492971620003,24.468239700544256,0.13475678857571954,5.0,0.6564008967488677,-0.0954301506280899,0.2625603675842285,0.0,0,0,0,0.17142857611179352,-0.006531804800033569,0.0
74,3.7,-52.31539535522461,24.38587760925293,-0.06940572307774787,4.3634764590773205,0.3538245215295945,0.18892176504478392,6,-49.319862309774415,24.389239614807792,0.11951604196703605,5.0,0.6365235409226795,0.07599841803312302,0.2546094059944153,0.0,0,0,0,0.17142856866121292,-0.007950961589813232,0.0
75,3.75,-52.09868621826172,24.36358642578125,-0.07322150860999181,4.353116605105973,0.35382452152959887,0.18892176504478442,6,-49.10316215193296,24.355518122942136,0.11570025643479262,5.0,0.6468833948940267,0.24742700159549713,0.25875335931777954,0.0,0,0,0,0.17142858356237411,0.004143953323364258,0.0
76,3.8000000000000003,-51.88196563720703,24.35490608215332,-0.066230694103777,4.329969848530668,-0.7213373174377817,-0.3899681081423594,6,-48.96757381425174,23.72825526966666,-0.4561988022461364,5.0,0.6700301514693319,0.07599841803312302,0.26801204681396484,0.0,0,0,0,-0.17142858356237411,0.009258687496185303,0.0
77,3.85,-51.66509246826172,24.351940155029297,-0.05729206438222424,4.348745958288398,-0.721337317437787,-0.38996810814236016,6,-48.745215748188265,23.751364699260453,-0.4472601725245844,5.0,0.651254041711602,-0.0954301506280899,0.2605016231536865,0.0,0,0,0,-0.17142856866121292,-0.00751042366027832,0.0
78,3.9000000000000004,-51.44789123535156,24.34202766418457,-0.05616980829886485,4.346031078934706,-0.7213373174377846,-0.3899681081423597,6,-48.527342354692735,23.7447294353396,-0.4461379164412246,5.0,0.6539689210652941,-0.2668587267398834,0.26158756017684937,0.0,0,0,0,-0.17142857611179352,0.0010859370231628418,0.0
79,3.95,-51.23245620727539,24.31985092163086,-0.06495557257384706,4.3253421721929195,-0.7213373174377818,-0.38996810814235877,6,-48.317267697899275,23.6969168213439,-0.4549236807162058,5.0,0.6746578278070805,-0.43828728795051575,0.2698631286621094,0.0,0,0,0,-0.17142856121063232,0.00827556848526001,0.0
80,4.0,-51.020843505859375,24.28403663635254,-0.08275458501517467,4.291641652712179,-0.35382452152959326,-0.18892176504478353,6,-48.06043062545418,23.826669052240476,-0.2716763500599582,5.0,0.7083583472878212,-0.4403393268585205,0.2833433449268341,0.0,0,0,0,-0.0020520389080047607,0.013480216264724731,0.0
81,4.05,-50.81511306762695,24.233722686767578,-0.10896492544340855,4.2506217230996715,-0.35382452152959465,-0.18892176504478406,6,-47.86770339167346,23.6989276498037,-0.2978866904881926,5.0,0.7493782769003285,-0.44135886430740356,0.29975131154060364,0.0,0,0,0,-0.0010195374488830566,0.01640796661376953,0.0
82,4.1000000000000005,-50.614192962646484,24.171321868896484,-0.13981768828386856,4.2531363580662,0.35382452152959587,0.18892176504478417,6,-47.625846013923855,23.963928417877344,0.0491040767609156,5.0,0.7468636419337997,-0.26993030309677124,0.29874545335769653,0.0,0,0,0,0.17142856121063232,-0.0010058581829071045,0.0
83,4.15,-50.41201400756836,24.10552406311035,-0.16676631522292124,4.308062618958792,0.3538245215295939,0.1889217650447837,6,-47.43034039681695,23.81768381503139,0.022155449821862447,5.0,0.6919373810412077,-0.09850172698497772,0.27677494287490845,0.0,0,0,0,0.17142857611179352,-0.021970510482788086,0.0
84,4.2,-50.20460891723633,24.046039581298828,-0.18318045893027243,4.341333070255722,0.3538245215295965,0.18892176504478367,6,-47.2280614038954,23.709298686411636,0.005741306114511235,5.0,0.6586669297442782,0.0729268491268158,0.2634667754173279,0.0,0,0,0,0.17142857611179352,-0.013308167457580566,0.0
85,4.25,-49.992923736572266,23.998422622680664,-0.18748522580579013,4.339416909770254,0.3538245215295958,0.1889217650447838,6,-47.01785338898919,23.6488715442996,0.0014365392389936726,5.0,0.6605830902297463,0.24435542523860931,0.26423323154449463,0.0,0,0,0,0.17142857611179352,0.000766456127166748,0.0
86,4.3,-49.77914047241211,23.96462631225586,-0.18080863101869105,4.323365834382907,0.3538245215295952,0.18892176504478353,6,-46.80180264074733,23.63494621640057,0.008113134026092476,5.0,0.6766341656170933,0.41578400135040283,0.2706536650657654,0.0,0,0,0,0.17142857611179352,0.006420433521270752,0.0
87,4.3500000000000005,-49.56522750854492,23.945331573486328,-0.16473750245974206,4.294483390060314,0.3538245215295929,0.18892176504478378,6,-46.582976060628354,23.66354117112134,0.02418426258504172,5.0,0.7055166099396857,0.44026926159858704,0.282206654548645,0.0,0,0,0,0.024485260248184204,0.011552989482879639,0.0
88,4.4,-49.35313034057617,23.941650390625,-0.13994232422288427,4.252434305465823,0.35382452152959526,0.18892176504478375,6,-46.364809263741655,23.733884485789602,0.04897944082189949,5.0,0.7475656945341767,0.4413134753704071,0.2990262806415558,0.0,0,0,0,0.0010442137718200684,0.016819626092910767,0.0
89,4.45,-49.14301300048828,23.95180320739746,-0.10953962728426925,4.250336509962139,0.35382452152959676,0.1889217650447838,6,-46.14975723491365,23.834972341100443,0.07938213776051456,5.0,0.7496634900378609,0.4413660168647766,0.29986539483070374,0.0,0,0,0,5.2541494369506836e-05,0.0008391141891479492,0.0
90,4.5,-48.933162689208984,23.97135353088379,-0.07759974544208208,4.270271884740318,-0.35382452152959526,-0.18892176504478392,6,-45.97043149523079,23.52925240931313,-0.266521510486866,5.0,0.7297281152596824,0.2699374556541443,0.2918912470340729,0.0,0,0,0,-0.17142856121063232,-0.00797414779663086,0.0
91,4.55,-48.72079086303711,23.99271011352539,-0.050391273043232515,4.325773116679132,-8.021361352916756e-15,0.0,6,-45.724598977710585,23.841600265059146,-0.050391273043232515,5.0,0.674226883320868,0.09850887209177017,0.26969075202941895,0.0,0,0,0,-0.17142858356237411,-0.02220049500465393,0.0
92,4.6000000000000005,-48.50458908081055,24.006385803222656,-0.033815217463982916,4.358298274168915,4.427014310692812e-15,0.0,6,-45.50630412077483,23.904959483050682,-0.033815217463982916,5.0,0.6417017258310853,1.6230050183107668e-15,0.2566806972026825,0.0,0,0,0,-0.09850887209176855,-0.01301005482673645,0.0
93,4.65,-48.28653335571289,24.008756637573242,-0.028304076065362144,4.368450575286358,2.220446049250313e-15,0.0,6,-45.2877349565736,23.923855746413953,-0.028304076065362144,5.0,0.6315494247136417,8.125069843517086e-16,0.25261977314949036,0.0,0,0,0,-8.104980339590582e-16,-0.004060924053192139,0.0
94,4.7,-48.0676155090332,24.005048751831055,-0.027378893902668615,4.3863222811606875,4.579669976578771e-15,0.0,6,-45.06873984454372,23.922922331400326,-0.027378893902668615,5.0,0.6136777188393125,1.6702353636914298e-15,0.24547109007835388,0.0,0,0,0,8.577283793397212e-16,-0.007148683071136475,0.0
95,4.75,-47.84797668457031,23.999704360961914,-0.027267039056290687,4.398385456073935,-1.7486012637846216e-15,0.0,6,-44.84909185260293,23.917913379821012,-0.027267039056290687,5.0,0.6016145439260647,-6.363012084936791e-16,0.24064581096172333,0.0,0,0,0,-2.306536572185109e-15,-0.004825279116630554,0.0
96,4.800000000000001,-47.62777328491211,23.993881225585938,-0.0272270937205341,4.4097529862741744,4.052314039881821e-15,0.0,6,-44.628885188169086,23.91221003597176,-0.0272270937205341,5.0,0.5902470137258256,1.4715041759692706e-15,0.23609881103038788,0.0,0,0,0,2.1078053844629497e-15,-0.004546999931335449,0.0
97,4.8500000000000005,-47.40719223022461,23.98792839050293,-0.02725532114749434,4.41581119832281,-3.7470027081099033e-16,0.0,6,-44.40830644004386,23.906172550026593,-0.02725532114749434,5.0,0.5841888016771897,-1.3591153181952582e-16,0.2336755245923996,0.0,0,0,0,-1.6074157077887964e-15,-0.0024232864379882812,0.0
98,4.9,-47.18635177612305,23.98190689086914,-0.027220167421105293,4.420129797295375,-5.564992910933597e-15,0.0,6,-44.18746311377284,23.900256472453844,-0.027220167421105293,5.0,0.5798702027046252,-2.016929654771759e-15,0.23194807767868042,0.0,0,0,0,-1.8810181229522333e-15,-0.0017274469137191772,0.0
99,4.95,-46.965335845947266,23.975894927978516,-0.02725532114749434,4.42287341628985,-3.7470027081099033e-16,0.0,6,-43.966450055766515,23.89413908750218,-0.02725532114749434,5.0,0.5771265837101502,-1.3573454163821907e-16,0.23085063695907593,0.0,0,0,0,1.88119511313354e-15,-0.0010974407196044922,0.0
100,5.0,-46.744232177734375,23.969852447509766,-0.027220167421105293,4.42451185134632,-5.564992910933597e-15,0.0,6,-43.74534351538417,23.88820202909447,-0.027220167421105293,5.0,0.5754881486536796,-2.0153003868977155e-15,0.23019525408744812,0.0,0,0,0,-1.8795658452594964e-15,-0.0006553828716278076,0.0
101,5.050000000000001,-46.5230598449707,23.963834762573242,-0.02725532114749434,4.425366016354142,-3.7470027081099033e-16,0.0,6,-43.52417405478995,23.882078922096905,-0.02725532114749434,5.0,0.5746339836458576,-1.3567217883747747e-16,0.22985360026359558,0.0,0,0,0,1.879628208060238e-15,-0.00034165382385253906,0.0
102,5.1000000000000005,-46.30187225341797,23.957794189453125,-0.027220167421105293,4.425694022506271,-5.564992910933597e-15,0.0,6,-43.302983591067765,23.876143771037828,-0.027220167421105293,5.0,0.5743059774937294,-2.014861200314564e-15,0.22972239553928375,0.0,0,0,0,-1.8791890214770867e-15,-0.0001312047243118286,0.0
103,5.15,-46.0806770324707,23.95177459716797,-0.02725532114749434,4.425683907439133,-3.7470027081099033e-16,0.0,6,-43.08179124228995,23.870018756691632,-0.02725532114749434,5.0,0.574316092560867,-1.3566422466870716e-16,0.22972643375396729,0.0,0,0,0,1.879196975645857e-15,4.038214683532715e-06,0.0
104,5.2,-45.8594856262207,23.94573402404785,-0.027220167421105293,4.425477221099004,-5.564992910933597e-15,0.0,6,-42.8605969638705,23.864083605632555,-0.027220167421105293,5.0,0.5745227789009961,-2.01494188020279e-15,0.22980910539627075,0.0,0,0,0,-1.879277655534083e-15,8.26716423034668e-05,0.0
105,5.25,-45.63829803466797,23.939722061157227,-0.02725532114749434,4.42517027227603,-3.7470027081099033e-16,0.0,6,-42.63941224448722,23.85796622068089,-0.02725532114749434,5.0,0.5748297277239702,-1.3567707574670379e-16,0.22993189096450806,0.0,0,0,0,1.8792648044560863e-15,0.0001227855682373047,0.0
106,5.300000000000001,-45.417137145996094,23.933683395385742,-0.027220167421105293,4.42482828931006,-5.564992910933597e-15,0.0,6,-42.41824848364589,23.852032976970445,-0.027220167421105293,5.0,0.5751717106899399,-2.015182861076284e-15,0.23006868362426758,0.0,0,0,0,-1.87950578532958e-15,0.00013679265975952148,0.0
107,5.3500000000000005,-45.19599151611328,23.92766761779785,-0.02725532114749434,4.424494177625813,-3.7470027081099033e-16,0.0,6,-42.19710572593253,23.845911777321515,-0.02725532114749434,5.0,0.5755058223741871,-1.3569398993586927e-16,0.2302023321390152,0.0,0,0,0,1.8794888711404147e-15,0.00013364851474761963,0.0
108,5.4,-44.974857330322266,23.921630859375,-0.027220167421105293,4.424190740211046,-5.564992910933597e-15,0.0,6,-41.97596866797206,23.839980440959703,-0.027220167421105293,5.0,0.5758092597889544,-2.0154196067850415e-15,0.2303237020969391,0.0,0,0,0,-1.8797256168491723e-15,0.00012136995792388916,0.0
109,5.45,-44.75373840332031,23.915613174438477,-0.02725532114749434,4.423928474444766,-3.7470027081099033e-16,0.0,6,-41.75485261313956,23.83385733396214,-0.02725532114749434,5.0,0.5760715255552338,-1.3570813803306638e-16,0.23042860627174377,0.0,0,0,0,1.879711468751975e-15,0.0001049041748046875,0.0
110,5.5,-44.532630920410156,23.90957260131836,-0.027220167421105293,4.423712551650954,-5.564992910933597e-15,0.0,6,-41.53374225805995,23.827922182903063,-0.027220167421105293,5.0,0.5762874483490457,-2.015597483703965e-15,0.23051497340202332,0.0,0,0,0,-1.8798893456708986e-15,8.636713027954102e-05,0.0
111,5.550000000000001,-44.31153869628906,23.903554916381836,-0.02725532114749434,4.423540606810418,-3.7470027081099033e-16,0.0,6,-41.31265290610831,23.8217990759055,-0.02725532114749434,5.0,0.5764593931895821,-1.357178392072904e-16,0.23058375716209412,0.0,0,0,0,1.8798796444966746e-15,6.878376007080078e-05,0.0
112,5.6000000000000005,-44.0904426574707,23.89751625061035,-0.027220167421105293,4.423408767371786,-5.564992910933597e-15,0.0,6,-41.0915539951205,23.815865832195055,-0.027220167421105293,5.0,0.5765912326282141,-2.0157103508441866e-15,0.23063649237155914,0.0,0,0,0,-1.879992511636896e-15,5.2735209465026855e-05,0.0
113,5.65,-43.86935043334961,23.89150619506836,-0.027255853779712354,4.42330990443766,7.008282842946301e-15,0.0,6,-40.87046468671508,23.809748757288837,-0.027255853779712354,5.0,0.5766900955623404,2.538534237756852e-15,0.23067604005336761,0.0,0,0,0,4.5542445886010384e-15,3.954768180847168e-05,0.0
114,5.7,-43.64826965332031,23.885467529296875,-0.027220167421105293,4.4232392016830895,-5.564992910933597e-15,0.0,6,-40.64938099097011,23.803817110881578,-0.027220167421105293,5.0,0.5767607983169105,-2.0157732430405202e-15,0.23070432245731354,0.0,0,0,0,-4.554307480797372e-15,2.828240394592285e-05,0.0
115,5.75,-43.42720031738281,23.87946319580078,-0.027255853779712354,4.423190960148961,7.008282842946301e-15,0.0,6,-40.428314570748284,23.79770575802126,-0.027255853779712354,5.0,0.5768090398510388,2.5385899301731338e-15,0.23072361946105957,0.0,0,0,0,4.554363173213654e-15,1.9297003746032715e-05,0.0
116,5.800000000000001,-43.20613098144531,23.87343406677246,-0.027220167421105293,4.42315940886125,-5.564992910933597e-15,0.0,6,-40.20724231909511,23.791783648357164,-0.027220167421105293,5.0,0.5768405911387502,-2.015802889193674e-15,0.23073624074459076,0.0,0,0,0,-4.554392819366808e-15,1.2621283531188965e-05,0.0
117,5.8500000000000005,-42.98506164550781,23.867427825927734,-0.027255853779712354,4.423140290092284,7.008282842946301e-15,0.0,6,-39.986175898873284,23.785670388148212,-0.027255853779712354,5.0,0.5768597099077164,2.538613647095657e-15,0.2307438850402832,0.0,0,0,0,4.554416536289331e-15,7.644295692443848e-06,0.0
118,5.9,-42.76399230957031,23.861398696899414,-0.027220167421105293,4.423130228683339,-5.564992910933597e-15,0.0,6,-39.76510364722011,23.779748278484117,-0.027220167421105293,5.0,0.5768697713166606,-2.0158139006219884e-15,0.23074790835380554,0.0,0,0,0,-4.554427547717645e-15,4.023313522338867e-06,0.0
119,5.95,-42.54292297363281,23.855392456054688,-0.027255853779712354,4.423124966554727,7.008282842946301e-15,0.0,6,-39.544037226998284,23.773635018275165,-0.027255853779712354,5.0,0.5768750334452726,2.5386208468757086e-15,0.23075000941753387,0.0,0,0,0,4.554434747497697e-15,2.1010637283325195e-06,0.0
120,6.0,-42.32185363769531,23.849361419677734,-0.027220167421105293,4.423124462288666,-5.564992910933597e-15,0.0,6,-39.32296497534511,23.767711001262438,-0.027220167421105293,5.0,0.5768755377113344,-2.0158160182043566e-15,0.2307502180337906,0.0,0,0,0,-4.554436865080065e-15,2.086162567138672e-07,0.0
121,6.050000000000001,-42.10078430175781,23.84335708618164,-0.027255853779712354,4.423125416432138,7.008282842946301e-15,0.0,6,-39.101898555123284,23.761599648402118,-0.027255853779712354,5.0,0.5768745835678617,2.5386206351174717e-15,0.23074983060359955,0.0,0,0,0,4.554436653321828e-15,-3.8743019104003906e-07,0.0
122,6.1000000000000005,-41.87971496582031,23.837326049804688,-0.027220167421105293,4.4231287374171435,-5.564992910933597e-15,0.0,6,-38.88082630347011,23.75567563138939,-0.027220167421105293,5.0,0.5768712625828565,-2.015814324138462e-15,0.2307485044002533,0.0,0,0,0,-4.554434959255934e-15,-1.3262033462524414e-06,0.0
123,6.15,-41.65864562988281,23.83131980895996,-0.027255853779712354,4.423131599015861,7.008282842946301e-15,0.0,6,-38.659759883248284,23.74956237118044,-0.027255853779712354,5.0,0.5768684009841394,2.5386176705021564e-15,0.23074735701084137,0.0,0,0,0,4.5544319946406184e-15,-1.1473894119262695e-06,0.0
124,6.2,-41.43757629394531,23.82529067993164,-0.027220167421105293,4.423134442932171,-5.564992910933597e-15,0.0,6,-38.43868763159511,23.743640261516344,-0.027220167421105293,5.0,0.5768655570678289,-2.015812206556094e-15,0.23074622452259064,0.0,0,0,0,-4.55442987705825e-15,-1.1324882507324219e-06,0.0
125,6.25,-41.21650695800781,23.819284439086914,-0.027255853779712354,4.4231373225917014,7.008282842946301e-15,0.0,6,-38.217621211373284,23.73752700130739,-0.027255853779712354,5.0,0.5768626774082986,2.5386151294033146e-15,0.2307450771331787,0.0,0,0,0,4.5544273359594085e-15,-1.1473894119262695e-06,0.0
126,6.300000000000001,-40.99543762207031,23.81325340270996,-0.027220167421105293,4.423140652908794,-5.564992910933597e-15,0.0,6,-37.99654895972011,23.731602984294664,-0.027220167421105293,5.0,0.5768593470912062,-2.015809877215489e-15,0.23074373602867126,0.0,0,0,0,-4.5544250066188036e-15,-1.341104507446289e-06,0.0
127,6.3500000000000005,-40.77436828613281,23.807247161865234,-0.027255853779712354,4.423143519175716,7.008282842946301e-15,0.0,6,-37.775482539498284,23.725489724085712,-0.027255853779712354,5.0,0.5768564808242838,2.5386121647879992e-15,0.23074258863925934,0.0,0,0,0,4.554422042003488e-15,-1.1473894119262695e-06,0.0
128,6.4,-40.55329895019531,23.801218032836914,-0.027220167421105293,4.423145419308454,-5.564992910933597e-15,0.0,6,-37.55441028784511,23.719567614421617,-0.027220167421105293,5.0,0.5768545806915464,-2.0158081831495945e-15,0.23074182868003845,0.0,0,0,0,-4.554420347937594e-15,-7.599592208862305e-07,0.0
129,6.45,-40.33222961425781,23.795211791992188,-0.027255853779712354,4.423145907143973,7.008282842946301e-15,0.0,6,-37.333343867623284,23.713454354212665,-0.027255853779712354,5.0,0.5768540928560268,2.538611105996815e-15,0.23074163496494293,0.0,0,0,0,4.5544192891464096e-15,-1.9371509552001953e-07,0.0
130,6.5,-40.11116027832031,23.789180755615234,-0.027220167421105293,4.4231468419840265,-5.564992910933597e-15,0.0,6,-37.11227161597011,23.707530337199938,-0.027220167421105293,5.0,0.5768531580159735,-2.015807547874884e-15,0.23074126243591309,0.0,0,0,0,-4.554418653871699e-15,-3.725290298461914e-07,0.0
131,6.550000000000001,-39.89009094238281,23.78317642211914,-0.027255853779712354,4.423147326980209,7.008282842946301e-15,0.0,6,-36.891205195748284,23.701418984339618,-0.027255853779712354,5.0,0.5768526730197907,2.5386104707221047e-15,0.23074106872081757,0.0,0,0,0,4.554418018596989e-15,-1.9371509552001953e-07,0.0
132,6.6000000000000005,-39.66902160644531,23.777145385742188,-0.027220167421105293,4.423148272979468,-5.564992910933597e-15,0.0,6,-36.67013294409511,23.69549496732689,-0.027220167421105293,5.0,0.5768517270205322,-2.0158071243584104e-15,0.23074069619178772,0.0,0,0,0,-4.554417595080515e-15,-3.725290298461914e-07,0.0
133,6.65,-39.44795227050781,23.77113914489746,-0.027255853779712354,4.423148756960865,7.008282842946301e-15,0.0,6,-36.449066523873284,23.68938170711794,-0.027255853779712354,5.0,0.576851243039135,2.5386096236891574e-15,0.2307405024766922,0.0,0,0,0,4.554416748047568e-15,-1.9371509552001953e-07,0.0
134,6.7,-39.22687911987305,23.76511001586914,-0.027220167421105293,4.423149218385869,-5.564992910933597e-15,0.0,6,-36.22799045752284,23.683459597453844,-0.027220167421105293,5.0,0.5768507816141311,-2.0158067008419368e-15,0.23074030876159668,0.0,0,0,0,-4.554416324531094e-15,-1.9371509552001953e-07,0.0
135,6.75,-39.00580596923828,23.759103775024414,-0.027255853779712354,4.423148751076821,7.008282842946301e-15,0.0,6,-36.00692022260375,23.67734633724489,-0.027255853779712354,5.0,0.5768512489231794,2.5386096236891574e-15,0.2307405024766922,0.0,0,0,0,4.554416324531094e-15,1.9371509552001953e-07,0.0
136,6.800000000000001,-38.78473663330078,23.75307273864746,-0.027220167421105293,4.423149217168372,-5.564992910933597e-15,0.0,6,-35.78584797095058,23.671422320232164,-0.027220167421105293,5.0,0.5768507828316283,-2.0158067008419368e-15,0.23074030876159668,0.0,0,0,0,-4.554416324531094e-15,-1.9371509552001953e-07,0.0
137,6.8500000000000005,-38.563663482666016,23.747066497802734,-0.027255853779712354,4.423148746613177,7.008282842946301e-15,0.0,6,-35.56477773603149,23.665309060023212,-0.027255853779712354,5.0,0.5768512533868231,2.5386096236891574e-15,0.2307405024766922,0.0,0,0,0,4.554416324531094e-15,1.9371509552001953e-07,0.0
138,6.9,-38.34259033203125,23.741037368774414,-0.027220167421105293,4.4231492151388725,-5.564992910933597e-15,0.0,6,-35.343701669681046,23.659386950359117,-0.027220167421105293,5.0,0.5768507848611275,-2.0158067008419368e-15,0.23074030876159668,0.0,0,0,0,-4.554416324531094e-15,-1.9371509552001953e-07,0.0
139,6.95,-38.12152099609375,23.735031127929688,-0.027255853779712354,4.423148751482595,7.008282842946301e-15,0.0,6,-35.12263524945922,23.653273690150165,-0.027255853779712354,5.0,0.5768512485174053,2.5386096236891574e-15,0.2307405024766922,0.0,0,0,0,4.554416324531094e-15,1.9371509552001953e-07,0.0
140,7.0,-37.900447845458984,23.729000091552734,-0.027220167421105293,4.42314922061798,-5.564992910933597e-15,0.0,6,-34.90155918310878,23.647349673137438,-0.027220167421105293,5.0,0.5768507793820197,-2.0158067008419368e-15,0.23074030876159668,0.0,0,0,0,-4.554416324531094e-15,-1.9371509552001953e-07,0.0
141,7.050000000000001,-37.67937469482422,23.72299575805664,-0.027255853779712354,4.42314875736664,7.008282842946301e-15,0.0,6,-34.68048894818969,23.641238320277118,-0.027255853779712354,5.0,0.5768512426333601,2.5386096236891574e-15,0.2307405024766922,0.0,0,0,0,4.554416324531094e-15,1.9371509552001953e-07,0.0
142,7.1000000000000005,-37.45830535888672,23.716964721679688,-0.027220167421105293,4.423149226502706,-5.564992910933597e-15,0.0,6,-34.459416696536515,23.63531430326439,-0.027220167421105293,5.0,0.5768507734972941,-2.0158067008419368e-15,0.23074030876159668,0.0,0,0,0,-4.554416324531094e-15,-1.9371509552001953e-07,0.0
143,7.15,-37.23723220825195,23.71095848083496,-0.027255853779712354,4.423148756555156,7.008282842946301e-15,0.0,6,-34.238346461617425,23.62920104305544,-0.027255853779712354,5.0,0.5768512434448443,2.5386096236891574e-15,0.2307405024766922,0.0,0,0,0,4.554416324531094e-15,1.9371509552001953e-07,0.0
144,7.2,-37.01616287231445,23.70492935180664,-0.027220167421105293,4.42314922183543,-5.564992910933597e-15,0.0,6,-34.01727420996425,23.623278933391344,-0.027220167421105293,5.0,0.5768507781645704,-2.0158067008419368e-15,0.23074030876159668,0.0,0,0,0,-4.554416324531094e-15,-1.9371509552001953e-07,0.0
145,7.25,-36.79508972167969,23.698923110961914,-0.027255853779712354,4.423148753917464,7.008282842946301e-15,0.0,6,-33.79620397504516,23.61716567318239,-0.027255853779712354,5.0,0.5768512460825361,2.5386096236891574e-15,0.2307405024766922,0.0,0,0,0,4.554416324531094e-15,1.9371509552001953e-07,0.0
146,7.300000000000001,-36.57401657104492,23.69289207458496,-0.027220167421105293,4.423149221632443,-5.564992910933597e-15,0.0,6,-33.57512790869472,23.611241656169664,-0.027220167421105293,5.0,0.5768507783675574,-2.0158067008419368e-15,0.23074030876159668,0.0,0,0,0,-4.554416324531094e-15,-1.9371509552001953e-07,0.0
147,7.3500000000000005,-36.35294723510742,23.686885833740234,-0.027255853779712354,4.42314875594635,7.008282842946301e-15,0.0,6,-33.354061488472894,23.605128395960712,-0.027255853779712354,5.0,0.5768512440536497,2.5386096236891574e-15,0.2307405024766922,0.0,0,0,0,4.554416324531094e-15,1.9371509552001953e-07,0.0
148,7.4,-36.131874084472656,23.680856704711914,-0.027220167421105293,4.423149223052894,-5.564992910933597e-15,0.0,6,-33.13298542212245,23.599206286296617,-0.027220167421105293,5.0,0.5768507769471061,-2.0158067008419368e-15,0.23074030876159668,0.0,0,0,0,-4.554416324531094e-15,-1.9371509552001953e-07,0.0
149,7.45,-35.91080093383789,23.674850463867188,-0.027255853779712354,4.423148756960866,7.008282842946301e-15,0.0,6,-32.91191518720336,23.593093026087665,-0.027255853779712354,5.0,0.5768512430391342,2.5386096236891574e-15,0.2307405024766922,0.0,0,0,0,4.554416324531094e-15,1.9371509552001953e-07,0.0
150,7.5,-35.68973159790039,23.668819427490234,-0.027220167421105293,4.423149225893884,-5.564992910933597e-15,0.0,6,-32.69084293555019,23.587169009074938,-0.027220167421105293,5.0,0.5768507741061164,-2.0158067008419368e-15,0.23074030876159668,0.0,0,0,0,-4.554416324531094e-15,-1.9371509552001953e-07,0.0
151,7.550000000000001,-35.468658447265625,23.66281509399414,-0.027255853779712354,4.423148758584091,7.008282842946301e-15,0.0,6,-32.4697727006311,23.581057656214618,-0.027255853779712354,5.0,0.576851241415909,2.5386096236891574e-15,0.2307405024766922,0.0,0,0,0,4.554416324531094e-15,1.9371509552001953e-07,0.0
152,7.6000000000000005,-35.24758529663086,23.656784057617188,-0.027220167421105293,4.42314922731443,-5.564992910933597e-15,0.0,6,-32.248696634280655,23.57513363920189,-0.027220167421105293,5.0,0.5768507726855701,-2.0158067008419368e-15,0.23074030876159668,0.0,0,0,0,-4.554416324531094e-15,-1.9371509552001953e-07,0.0
153,7.65,-35.02651596069336,23.65077781677246,-0.027255853779712354,4.42314876243917,7.008282842946301e-15,0.0,6,-32.02763021405883,23.56902037899294,-0.027255853779712354,5.0,0.5768512375608301,2.5386096236891574e-15,0.230740487575531,0.0,0,0,0,4.554416324531094e-15,1.7881393432617188e-07,0.0
154,7.7,-34.805442810058594,23.64474868774414,-0.027220167421105293,4.423149229749562,-5.662137425588298e-15,0.0,6,-31.806554147708386,23.563098269328844,-0.027220167421105293,5.0,0.576850770250438,-2.0509954140861958e-15,0.23074030876159668,0.0,0,0,0,-4.589605037775353e-15,-1.7881393432617188e-07,0.0
155,7.75,-34.584373474121094,23.638742446899414,-0.027255853779712354,4.423148762236269,7.008282842946301e-15,0.0,6,-31.585487727486566,23.55698500911989,-0.027255853779712354,5.0,0.5768512377637309,2.5386096236891574e-15,0.2307405024766922,0.0,0,0,0,4.589605037775353e-15,1.9371509552001953e-07,0.0
156,7.800000000000001,-34.36330032348633,23.63271141052246,-0.027220167421105293,4.423149229140778,-5.662137425588298e-15,0.0,6,-31.36441166113612,23.551060992107164,-0.027220167421105293,5.0,0.5768507708592221,-2.0509954140861958e-15,0.23074030876159668,0.0,0,0,0,-4.589605037775353e-15,-1.9371509552001953e-07,0.0
157,7.8500000000000005,-34.14222717285156,23.626705169677734,-0.027255853779712354,4.42314876264213,7.008282842946301e-15,0.0,6,-31.143341426217034,23.544947731898212,-0.027255853779712354,5.0,0.5768512373578698,2.5386096236891574e-15,0.230740487575531,0.0,0,0,0,4.589605037775353e-15,1.7881393432617188e-07,0.0
158,7.9,-33.92115783691406,23.620676040649414,-0.027220167421105293,4.42314922914078,-5.662137425588298e-15,0.0,6,-30.922269174563855,23.539025622234117,-0.027220167421105293,5.0,0.5768507708592203,-2.0509954140861958e-15,0.23074030876159668,0.0,0,0,0,-4.589605037775353e-15,-1.7881393432617188e-07,0.0
159,7.95,-33.7000846862793,23.614669799804688,-0.027255853779712354,4.423148763859531,7.008282842946301e-15,0.0,6,-30.70119893964477,23.532912362025165,-0.027255853779712354,5.0,0.5768512361404694,2.5386096236891574e-15,0.230740487575531,0.0,0,0,0,4.589605037775353e-15,1.7881393432617188e-07,0.0
160,8.0,-33.47901153564453,23.608638763427734,-0.027220167421105293,4.423149231778849,-5.662137425588298e-15,0.0,6,-30.480122873294324,23.526988345012438,-0.027220167421105293,5.0,0.576850768221151,-2.0509954140861958e-15,0.23074030876159668,0.0,0,0,0,-4.589605037775353e-15,-1.7881393432617188e-07,0.0
161,8.05,-33.25794219970703,23.60263442993164,-0.027255853779712354,4.423148765279827,7.008282842946301e-15,0.0,6,-30.259056453072503,23.520876992152118,-0.027255853779712354,5.0,0.5768512347201726,2.5386096236891574e-15,0.230740487575531,0.0,0,0,0,4.589605037775353e-15,1.7881393432617188e-07,0.0
162,8.1,-33.036869049072266,23.596603393554688,-0.027220167421105293,4.4231492315759215,-5.662137425588298e-15,0.0,6,-30.037980386722058,23.51495297513939,-0.027220167421105293,5.0,0.5768507684240785,-2.0509954140861958e-15,0.23074030876159668,0.0,0,0,0,-4.589605037775353e-15,-1.7881393432617188e-07,0.0
163,8.15,-32.8157958984375,23.59059715270996,-0.027255853779712354,4.423148765076825,7.008282842946301e-15,0.0,6,-29.816910151802972,23.50883971493044,-0.027255853779712354,5.0,0.5768512349231747,2.5386096236891574e-15,0.230740487575531,0.0,0,0,0,4.589605037775353e-15,1.7881393432617188e-07,0.0
164,8.200000000000001,-32.5947265625,23.58456802368164,-0.027220167421105293,4.42314923604034,-5.662137425588298e-15,0.0,6,-29.595837900149792,23.502917605266344,-0.027220167421105293,5.0,0.5768507639596603,-2.0509954140861958e-15,0.23074030876159668,0.0,0,0,0,-4.589605037775353e-15,-1.7881393432617188e-07,0.0
165,8.25,-32.373653411865234,23.578561782836914,-0.027255853779712354,4.423148769540644,7.008282842946301e-15,0.0,6,-29.374767665230706,23.49680434505739,-0.027255853779712354,5.0,0.576851230459356,2.5386096236891574e-15,0.230740487575531,0.0,0,0,0,4.589605037775353e-15,1.7881393432617188e-07,0.0
166,8.3,-32.152584075927734,23.57253074645996,-0.027220167421105293,4.423149236649118,-5.662137425588298e-15,0.0,6,-29.153695413577527,23.490880328044664,-0.027220167421105293,5.0,0.5768507633508824,-2.0509954140861958e-15,0.23074030876159668,0.0,0,0,0,-4.589605037775353e-15,-1.7881393432617188e-07,0.0
167,8.35,-31.93151092529297,23.566524505615234,-0.027255853779712354,4.423148769134839,7.008282842946301e-15,0.0,6,-28.93262517865844,23.484767067835712,-0.027255853779712354,5.0,0.5768512308651612,2.5386096236891574e-15,0.230740487575531,0.0,0,0,0,4.589605037775353e-15,1.7881393432617188e-07,0.0
168,8.4,-31.710439682006836,23.560495376586914,-0.027220167421105293,4.42314923705497,-5.662137425588298e-15,0.0,6,-28.71155101965663,23.478844958171617,-0.027220167421105293,5.0,0.5768507629450301,-2.0509954140861958e-15,0.23074030876159668,0.0,0,0,0,-4.589605037775353e-15,-1.7881393432617188e-07,0.0
169,8.450000000000001,-31.48936653137207,23.554489135742188,-0.027255853779712354,4.42314876893193,7.008282842946301e-15,0.0,6,-28.490480784737542,23.472731697962665,-0.027255853779712354,5.0,0.57685123106807,2.5386096236891574e-15,0.230740487575531,0.0,0,0,0,4.589605037775353e-15,1.7881393432617188e-07,0.0
170,8.5,-31.268295288085938,23.548458099365234,-0.027220167421105293,4.423149236040298,-5.662137425588298e-15,0.0,6,-28.26940662573573,23.466807680949938,-0.027220167421105293,5.0,0.576850763959702,-2.0509954140861958e-15,0.23074030876159668,0.0,0,0,0,-4.589605037775353e-15,-1.7881393432617188e-07,0.0
171,8.55,-31.047224044799805,23.54245376586914,-0.027255853779712354,4.4231487707580035,7.008282842946301e-15,0.0,6,-28.048338298165277,23.460696328089618,-0.027255853779712354,5.0,0.5768512292419965,2.5386096236891574e-15,0.230740487575531,0.0,0,0,0,4.589605037775353e-15,1.7881393432617188e-07,0.0
172,8.6,-30.82615089416504,23.536422729492188,-0.027220167421105293,4.423149241925239,-5.662137425588298e-15,0.0,6,-27.82726223181483,23.45477231107689,-0.027220167421105293,5.0,0.5768507580747606,-2.0509954140861958e-15,0.23074030876159668,0.0,0,0,0,-4.589605037775353e-15,-1.7881393432617188e-07,0.0
173,8.65,-30.605079650878906,23.53041648864746,-0.027255853779712354,4.42314877441021,7.008282842946301e-15,0.0,6,-27.60619390424438,23.44865905086794,-0.027255853779712354,5.0,0.57685122558979,2.5386096236891574e-15,0.230740487575531,0.0,0,0,0,4.589605037775353e-15,1.7881393432617188e-07,0.0
174,8.700000000000001,-30.384008407592773,23.52438735961914,-0.027220167421105293,4.423149240301808,-5.662137425588298e-15,0.0,6,-27.385119745242566,23.442736941203844,-0.027220167421105293,5.0,0.5768507596981918,-2.0509954140861958e-15,0.23074030876159668,0.0,0,0,0,-4.589605037775353e-15,-1.7881393432617188e-07,0.0
175,8.75,-30.16293716430664,23.518381118774414,-0.027255853779712354,4.423148773598605,7.008282842946301e-15,0.0,6,-27.164051417672113,23.43662368099489,-0.027255853779712354,5.0,0.576851226401395,2.5386096236891574e-15,0.230740487575531,0.0,0,0,0,4.589605037775353e-15,1.7881393432617188e-07,0.0
176,8.8,-29.941864013671875,23.51235008239746,-0.027220167421105293,4.423149239287195,-5.662137425588298e-15,0.0,6,-26.942975351321667,23.430699663982164,-0.027220167421105293,5.0,0.576850760712805,-2.0509954140861958e-15,0.23074030876159668,0.0,0,0,0,-4.589605037775353e-15,-1.7881393432617188e-07,0.0
177,8.85,-29.720792770385742,23.506343841552734,-0.027255853779712354,4.423148776033415,7.008282842946301e-15,0.0,6,-26.721907023751214,23.424586403773212,-0.027255853779712354,5.0,0.5768512239665853,2.5386096236891574e-15,0.230740487575531,0.0,0,0,0,4.589605037775353e-15,1.7881393432617188e-07,0.0
178,8.9,-29.49972152709961,23.500314712524414,-0.027220167421105293,4.423149242534077,-5.662137425588298e-15,0.0,6,-26.500832864749402,23.418664294109117,-0.027220167421105293,5.0,0.5768507574659232,-2.0509954140861958e-15,0.23074030876159668,0.0,0,0,0,-4.589605037775353e-15,-1.7881393432617188e-07,0.0
179,8.950000000000001,-29.278648376464844,23.494308471679688,-0.027255853779712354,4.423149248229932,7.008282842946301e-15,0.0,6,-26.279762629830316,23.412551033900165,-0.027255853779712354,5.0,0.5768507517700678,2.5386094119309206e-15,0.23074029386043549,0.0,0,0,0,4.5896048260171164e-15,-1.4901161193847656e-08,0.0
180,9.0,-29.057575225830078,23.488277435302734,-0.027220167421105293,4.423149238475525,-5.662137425588298e-15,0.0,6,-26.05868656347987,23.406627016887438,-0.027220167421105293,5.0,0.5768507615244749,-2.0509954140861958e-15,0.23074030876159668,0.0,0,0,0,-4.5896048260171164e-15,1.4901161193847656e-08,0.0
181,9.05,-28.83650016784668,23.48227310180664,-0.027255853779712354,4.423149247012513,7.008282842946301e-15,0.0,6,-25.83761442121215,23.400515664027118,-0.027255853779712354,5.0,0.5768507529874869,2.5386094119309206e-15,0.23074029386043549,0.0,0,0,0,4.5896048260171164e-15,-1.4901161193847656e-08,0.0
182,9.1,-28.615427017211914,23.476242065429688,-0.027220167421105293,4.423149243142905,-5.662137425588298e-15,0.0,6,-25.616538354861706,23.39459164701439,-0.027220167421105293,5.0,0.5768507568570946,-2.0509954140861958e-15,0.23074030876159668,0.0,0,0,0,-4.5896048260171164e-15,1.4901161193847656e-08,0.0
183,9.15,-28.394351959228516,23.47023582458496,-0.027255853779712354,4.423149249041514,7.008282842946301e-15,0.0,6,-25.395466212593988,23.38847838680544,-0.027255853779712354,5.0,0.5768507509584859,2.5386094119309206e-15,0.23074029386043549,0.0,0,0,0,4.5896048260171164e-15,-1.4901161193847656e-08,0.0
184,9.200000000000001,-28.17327880859375,23.46420669555664,-0.027220167421105293,4.423149242534025,-5.662137425588298e-15,0.0,6,-25.174390146243542,23.382556277141344,-0.027220167421105293,5.0,0.5768507574659747,-2.0509954140861958e-15,0.23074030876159668,0.0,0,0,0,-4.5896048260171164e-15,1.4901161193847656e-08,0.0
185,9.25,-27.95220375061035,23.458200454711914,-0.027255853779712354,4.423149255534319,7.008282842946301e-15,0.0,6,-24.953318003975824,23.37644301693239,-0.027255853779712354,5.0,0.5768507444656814,2.5386094119309206e-15,0.23074029386043549,0.0,0,0,0,4.5896048260171164e-15,-1.4901161193847656e-08,0.0
186,9.3,-27.731130599975586,23.45216941833496,-0.027220167421105293,4.423149247810179,-5.662137425588298e-15,0.0,6,-24.73224193762538,23.370518999919664,-0.027220167421105293,5.0,0.576850752189821,-2.0509954140861958e-15,0.23074029386043549,0.0,0,0,0,-4.5896048260171164e-15,0.0,0.0
187,9.35,-27.510055541992188,23.446163177490234,-0.027255853779712354,4.423149256548818,7.008282842946301e-15,0.0,6,-24.51116979535766,23.364405739710712,-0.027255853779712354,5.0,0.5768507434511818,2.5386094119309206e-15,0.23074029386043549,0.0,0,0,0,4.5896048260171164e-15,0.0,0.0
188,9.4,-27.28898048400879,23.440134048461914,-0.027220167421105293,4.423149246795534,-5.662137425588298e-15,0.0,6,-24.29009182165858,23.358483630046617,-0.027220167421105293,5.0,0.5768507532044662,-2.0509954140861958e-15,0.23074029386043549,0.0,0,0,0,-4.5896048260171164e-15,0.0,0.0
189,9.450000000000001,-27.067907333374023,23.434127807617188,-0.027255853779712354,4.423149256345957,-0.3538245215295912,-0.188921765044784,6,-24.086682188214947,23.141679242333097,-0.21617761882449635,5.0,0.5768507436540427,-0.17142857611179352,0.23074029386043549,0.0,0,0,0,-0.17142857611179146,0.0,0.0
190,9.5,-26.8472843170166,23.424203872680664,-0.0305880050968087,4.411139782391677,-0.3538245215295951,-0.18892176504478392,6,-23.8670502035287,23.12182305604631,-0.21950977014159262,5.0,0.5888602176083229,-0.34285715222358704,0.2355440855026245,0.0,0,0,0,-0.17142857611179352,0.004803791642189026,0.0
191,9.55,-26.628986358642578,23.40351676940918,-0.0420758188555691,4.375800306948152,-0.3538245215295978,-0.1889217650447838,6,-23.65242251164116,23.066920283703233,-0.2309975839003529,5.0,0.6241996930518479,-0.43829596042633057,0.24967987835407257,0.0,0,0,0,-0.09543880820274353,0.014135792851448059,0.0
192,9.600000000000001,-26.415206909179688,23.36927604675293,-0.06219174399456282,4.327251381716626,-5.273559366969494e-16,0.0,6,-23.421006758955198,23.18282106453032,-0.06219174399456282,5.0,0.6727486182833742,-0.26686739921569824,0.2690994441509247,0.0,0,0,0,0.17142856121063232,0.019419565796852112,0.0
193,9.65,-26.203725814819336,23.326812744140625,-0.08440466298183096,4.343788291372538,-4.218847493575595e-15,0.0,6,-23.214405692841275,23.073899303736457,-0.08440466298183096,5.0,0.6562117086274624,-0.09543881565332413,0.26248466968536377,0.0,0,0,0,0.17142858356237411,-0.006614774465560913,0.0
194,9.700000000000001,-25.991456985473633,23.273500442504883,-0.10105264055526951,4.243845243266116,2.220446049250313e-15,0.0,6,-23.006761409465323,22.970858213864503,-0.10105264055526951,5.0,0.756154756733884,8.318139357140679e-16,0.3024618923664093,0.0,0,0,0,0.09543881565332496,0.03997722268104553,0.0
195,9.75,-25.78057098388672,23.242616653442383,-0.10681839263766947,4.25814198712816,-4.163336342344337e-15,0.0,6,-22.79766996958904,22.922770535907883,-0.10681839263766947,5.0,0.7418580128718402,-1.5554105185704528e-15,0.2967432141304016,0.0,0,0,0,-2.3872244542845207e-15,-0.00571867823600769,0.0
196,9.8,-25.56785774230957,23.216510772705078,-0.10791030532935876,4.2827522666503395,-3.941291737419306e-15,0.0,6,-22.585307750194097,22.89340777901421,-0.10791030532935876,5.0,0.7172477333496605,-1.4655956976456982e-15,0.2868990898132324,0.0,0,0,0,8.981482092475452e-17,-0.00984412431716919,0.0
197,9.850000000000001,-25.353805541992188,23.192506790161133,-0.10825649962631226,4.309777504791824,7.771561172376096e-15,0.0,6,-22.371367585018266,22.868371274055256,-0.10825649962631226,5.0,0.6902224952081761,2.875198070554914e-15,0.27608901262283325,0.0,0,0,0,4.3407937682006124e-15,-0.01081007719039917,0.0
198,9.9,-25.13916778564453,23.168609619140625,-0.10868794836766191,4.3286875790789106,0.0,0.0,0,-25.13916778564453,23.168609619140625,-0.10868794836766191,5.0,0.6713124209210894,0.0,0.26852497458457947,0.0,0,0,0,-2.875198070554914e-15,-0.007564038038253784,0.0
199,9.950000000000001,-24.92304229736328,23.144453048706055,-0.10872896937082753,4.351704033773137,0.0,0.0,0,-24.92304229736328,23.144453048706055,-0.10872896937082753,5.0,0.648295966226863,0.0,0.25931838154792786,0.0,0,0,0,0.0,-0.009206593036651611,0.0
200,10.0,-24.705881118774414,23.120500564575195,-0.10875079896938777,4.369607118406645,0.0,0.0,0,-24.705881118774414,23.120500564575195,-0.10875079896938777,5.0,0.6303928815933553,0.0,0.25215715169906616,0.0,0,0,0,0.0,-0.007161229848861694,0.0
201,10.05,-24.48792839050293,23.096567153930664,-0.10875825582043999,4.385715653186364,0.0,0.0,0,-24.48792839050293,23.096567153930664,-0.10875825582043999,5.0,0.6142843468136361,0.0,0.2457137405872345,0.0,0,0,0,0.0,-0.006443411111831665,0.0
202,10.100000000000001,-24.26938247680664,23.07257843017578,-0.10877051468383277,4.397073435925886,0.0,0.0,0,-24.26938247680664,23.07257843017578,-0.10877051468383277,5.0,0.6029265640741137,0.0,0.24117062985897064,0.0,0,0,0,0.0,-0.004543110728263855,0.0
203,10.15,-24.070547103881836,23.062482833862305,-0.10737661616928529,3.5696893633638536,0.0,0.0,0,-24.070547103881836,23.062482833862305,-0.10737661616928529,5.0,1.4303106366361464,0.0,0.5721242427825928,0.0,0,0,0,0.0,0.33095361292362213,0.0
