step,t,ego_x,ego_y,ego_yaw,ego_speed,ctrl_steer,ctrl_throttle,ctrl_brake,plan_status,debug_planner,debug_ms,debug_path_len,traj_dt,traj_len,traj0_x,traj0_y,traj0_yaw,traj0_v,trajN_x,trajN_y,trajN_yaw,trajN_v,num_obstacles,obstacles
0,0.0,-64.64486694335938,24.470966339111328,0.002778511075313572,0.0,7.52258007269543e-15,0.6000000238418579,0.0,PlanStatus.OK,hybrid_astar,0.9999275207519531,31,0.1,51,-64.64486694335938,24.470966339111328,0.002778511075313572,6.0,-40.6449595847853,24.53765051911705,0.002778511075313572,6.0,1,"[{""id"": 78, ""x"": -110.19867706298828, ""y"": -9.516179084777832, ""vx"": -0.0011523370631039143, ""vy"": 1.174072504043579, ""r"": 2.5906050205230713}]"
1,0.05,-64.64486694335938,24.470966339111328,0.002778511075313572,0.0022430613113676385,7.505743598802857e-15,0.6000000238418579,0.0,PlanStatus.OK,hybrid_astar,1.10626220703125,31,0.1,51,-64.64486694335938,24.470966339111328,0.002778511075313572,6.0,-40.6449595847853,24.53765051911705,0.002778511075313572,6.0,1,"[{""id"": 78, ""x"": -110.19884490966797, ""y"": -9.45468521118164, ""vx"": -0.0011047959560528398, ""vy"": 1.269595742225647, ""r"": 2.5906050205230713}]"
2,0.1,-64.64486694335938,24.470966339111328,0.002778511075313572,6.225576601665068e-05,7.522111663475599e-15,0.6000000238418579,0.0,PlanStatus.OK,hybrid_astar,1.0056495666503906,31,0.1,51,-64.64486694335938,24.470966339111328,0.002778511075313572,6.0,-40.6449595847853,24.53765051911705,0.002778511075313572,6.0,1,"[{""id"": 78, ""x"": -110.1990966796875, ""y"": -9.394248962402344, ""vx"": -0.00269083259627223, ""vy"": 1.1656852960586548, ""r"": 2.5906050205230713}]"
3,0.15000000000000002,-64.64486694335938,24.470964431762695,0.002778511075313572,0.0009642986564773899,7.515332858798723e-15,0.6000000238418579,0.0,PlanStatus.OK,hybrid_astar,0.0,31,0.1,51,-64.64486694335938,24.470964431762695,0.002778511075313572,6.0,-40.6449595847853,24.537648611768418,0.002778511075313572,6.0,1,"[{""id"": 78, ""x"": -110.19937896728516, ""y"": -9.321065902709961, ""vx"": -0.006137836258858442, ""vy"": 1.639800786972046, ""r"": 2.5906050205230713}]"
4,0.2,-64.64486694335938,24.470964431762695,0.002778511075313572,0.001186390174877677,7.513665897958526e-15,0.6000000238418579,0.0,PlanStatus.OK,hybrid_astar,0.0,31,0.1,51,-64.64486694335938,24.470964431762695,0.002778511075313572,6.0,-40.6449595847853,24.537648611768418,0.002778511075313572,6.0,1,"[{""id"": 78, ""x"": -110.19901275634766, ""y"": -9.232565879821777, ""vx"": 0.007682918570935726, ""vy"": 1.7143107652664185, ""r"": 2.5906050205230713}]"
5,0.25,-64.6448745727539,24.470964431762695,0.002778511075313572,0.0011106301318372259,7.514234257066134e-15,0.6000000238418579,0.0,PlanStatus.OK,hybrid_astar,1.005411148071289,31,0.1,51,-64.6448745727539,24.470964431762695,0.002778511075313572,6.0,-40.64496721417983,24.537648611768418,0.002778511075313572,6.0,1,"[{""id"": 78, ""x"": -110.19904327392578, ""y"": -9.13436222076416, ""vx"": -0.0016699944389984012, ""vy"": 2.064178228378296, ""r"": 2.5906050205230713}]"
6,0.30000000000000004,-64.6448745727539,24.470964431762695,0.002778511075313572,0.0009256840328801612,7.515622544066684e-15,0.6000000238418579,0.0,PlanStatus.OK,hybrid_astar,0.0,31,0.1,51,-64.6448745727539,24.470964431762695,0.002778511075313572,6.0,-40.64496721417983,24.537648611768418,0.002778511075313572,6.0,1,"[{""id"": 78, ""x"": -110.19937896728516, ""y"": -9.025500297546387, ""vx"": -0.004631820600479841, ""vy"": 2.309232473373413, ""r"": 2.5906050205230713}]"
7,0.35000000000000003,-64.6448745727539,24.470964431762695,0.002778511075313572,0.0007251072197208874,7.517129415679849e-15,0.6000000238418579,0.0,PlanStatus.OK,hybrid_astar,0.99945068359375,31,0.1,51,-64.6448745727539,24.470964431762695,0.002778511075313572,6.0,-40.64496721417983,24.537648611768418,0.002778511075313572,6.0,1,"[{""id"": 78, ""x"": -110.1998519897461, ""y"": -8.901846885681152, ""vx"": -0.004688393324613571, ""vy"": 2.6154556274414062, ""r"": 2.5906050205230713}]"
8,0.4,-64.6448745727539,24.470964431762695,0.002778511075313572,0.0005442810249070109,7.518487209494298e-15,0.6000000238418579,0.0,PlanStatus.OK,hybrid_astar,1.5039443969726562,31,0.1,51,-64.6448745727539,24.470964431762695,0.002778511075313572,6.0,-40.64496721417983,24.537648611768418,0.002778511075313572,6.0,1,"[{""id"": 78, ""x"": -110.20037078857422, ""y"": -8.758116722106934, ""vx"": -0.007822011597454548, ""vy"": 2.8797762393951416, ""r"": 2.5906050205230713}]"
9,0.45,-64.6448745727539,24.470964431762695,0.002778511075313572,0.00018013956542229872,7.521224819979824e-15,0.6000000238418579,0.0,PlanStatus.OK,hybrid_astar,0.0,31,0.1,51,-64.6448745727539,24.470964431762695,0.002778511075313572,6.0,-40.64496721417983,24.537648611768418,0.002778511075313572,6.0,1,"[{""id"": 78, ""x"": -110.20101165771484, ""y"": -8.607284545898438, ""vx"": -0.0075332168489694595, ""vy"": 3.1378185749053955, ""r"": 2.5906050205230713}]"
10,0.5,-64.6448745727539,24.470964431762695,0.002778511075313572,0.00024398809127661357,7.52074455229873e-15,0.6000000238418579,0.0,PlanStatus.OK,hybrid_astar,0.99945068359375,31,0.1,51,-64.6448745727539,24.470964431762695,0.002778511075313572,6.0,-40.64496721417983,24.537648611768418,0.002778511075313572,6.0,1,"[{""id"": 78, ""x"": -110.20179748535156, ""y"": -8.445992469787598, ""vx"": -0.009993677958846092, ""vy"": 3.422738790512085, ""r"": 2.5906050205230713}]"
11,0.55,-64.6448745727539,24.470964431762695,0.002778511075313572,0.00023572923894848234,7.520807232736827e-15,0.6000000238418579,0.0,PlanStatus.OK,hybrid_astar,1.0018348693847656,31,0.1,51,-64.6448745727539,24.470964431762695,0.002778511075313572,6.0,-40.64496721417983,24.537648611768418,0.002778511075313572,6.0,1,"[{""id"": 78, ""x"": -110.20222473144531, ""y"": -8.259196281433105, ""vx"": -0.008448668755590916, ""vy"": 3.9066414833068848, ""r"": 2.5906050205230713}]"
12,0.6000000000000001,-64.6448745727539,24.470964431762695,0.002778511075313572,0.00019978525137634667,7.521077436247001e-15,0.6000000238418579,0.0,PlanStatus.OK,hybrid_astar,0.9987354278564453,31,0.1,51,-64.6448745727539,24.470964431762695,0.002778511075313572,6.0,-40.64496721417983,24.537648611768418,0.002778511075313572,6.0,1,"[{""id"": 78, ""x"": -110.20333862304688, ""y"": -8.055230140686035, ""vx"": -0.005755145568400621, ""vy"": 4.235871315002441, ""r"": 2.5906050205230713}]"
13,0.65,-64.63790130615234,24.470985412597656,0.002773640923499819,0.41884641437989256,6.433130531101686e-15,0.6000000238418579,0.0,PlanStatus.OK,hybrid_astar,0.0,31,0.1,51,-64.63790130615234,24.470985412597656,0.002773640923499819,6.0,-40.637993623100755,24.537552709410228,0.002773640923499819,6.0,1,"[{""id"": 78, ""x"": -110.20341491699219, ""y"": -7.837184429168701, ""vx"": -0.008524652570486069, ""vy"": 4.422517776489258, ""r"": 2.5906050205230713}]"
14,0.7000000000000001,-64.59215545654297,24.471113204956055,0.0027730690200586977,1.1537658330599372,4.6564814653346324e-15,0.6000000238418579,0.0,PlanStatus.OK,hybrid_astar,0.0,31,0.1,51,-64.59215545654297,24.471113204956055,0.0027730690200586977,6.0,-40.5922477354254,24.53766677613882,0.0027730690200586977,6.0,1,"[{""id"": 78, ""x"": -110.20394134521484, ""y"": -7.607573509216309, ""vx"": -0.013082853518426418, ""vy"": 4.690468788146973, ""r"": 2.5906050205230713}]"
15,0.75,-64.5185546875,24.471317291259766,0.0027727176596453484,1.663437926517021,2.510282089075895e-15,0.6000000238418579,0.0,PlanStatus.OK,hybrid_astar,1.005411148071289,31,0.1,51,-64.5185546875,24.471317291259766,0.0027727176596453484,6.0,-40.51864694299954,24.537862429825047,0.0027727176596453484,6.0,1,"[{""id"": 78, ""x"": -110.20479583740234, ""y"": -7.366225242614746, ""vx"": -0.013523932546377182, ""vy"": 4.940555095672607, ""r"": 2.5906050205230713}]"
16,0.8,-64.42420959472656,24.471582412719727,0.002768577796536766,2.0105574958773884,-3.54180558850576e-15,0.6000000238418579,0.0,PlanStatus.OK,hybrid_astar,0.0,31,0.1,51,-64.42420959472656,24.471582412719727,0.002768577796536766,6.0,-40.42430157494401,24.53802819495182,0.002768577796536766,6.0,1,"[{""id"": 78, ""x"": -110.20613861083984, ""y"": -7.108893394470215, ""vx"": -0.014415746554732323, ""vy"": 5.299779415130615, ""r"": 2.5906050205230713}]"
17,0.8500000000000001,-64.31542205810547,24.47188377380371,0.002767352586390735,2.2799414922557304,-2.423900186807244e-15,0.6000000238418579,0.0,PlanStatus.OK,hybrid_astar,1.0008811950683594,31,0.1,51,-64.31542205810547,24.47188377380371,0.002767352586390735,6.0,-40.31551395693096,24.53830015110494,0.002767352586390735,6.0,1,"[{""id"": 78, ""x"": -110.20730590820312, ""y"": -6.841920852661133, ""vx"": -0.03427852690219879, ""vy"": 5.3474836349487305, ""r"": 2.5906050205230713}]"
18,0.9,-64.19441223144531,24.472213745117188,0.0027722773538127795,2.5103038060975114,2.0415529025484417e-15,0.6000000238418579,0.0,PlanStatus.OK,hybrid_astar,0.0,31,0.1,51,-64.19441223144531,24.472213745117188,0.0027722773538127795,6.0,-40.1945044576469,24.538748316383113,0.0027722773538127795,6.0,1,"[{""id"": 78, ""x"": -110.20928192138672, ""y"": -6.575847625732422, ""vx"": -0.035383131355047226, ""vy"": 5.303002834320068, ""r"": 2.5906050205230713}]"
19,0.9500000000000001,-64.06220245361328,24.472579956054688,0.002771064627234358,2.7324628813466183,-1.3841074223506903e-15,0.6000000238418579,0.0,PlanStatus.OK,hybrid_astar,0.0,31,0.1,51,-64.06220245361328,24.472579956054688,0.002771064627234358,6.0,-40.06229459914425,24.53908542199457,0.002771064627234358,6.0,1,"[{""id"": 78, ""x"": -110.21072387695312, ""y"": -6.313211441040039, ""vx"": -0.03934505954384804, ""vy"": 5.219058513641357, ""r"": 2.5906050205230713}]"
20,1.0,-63.91961669921875,24.472972869873047,0.0027707080653345045,2.9310732342339874,1.3150448027545478e-15,0.6000000238418579,0.0,PlanStatus.OK,hybrid_astar,0.0,31,0.1,51,-63.91961669921875,24.472972869873047,0.0027707080653345045,6.0,-39.919708821037915,24.539469778360157,0.0027707080653345045,6.0,1,"[{""id"": 78, ""x"": -110.21275329589844, ""y"": -6.055969715118408, ""vx"": -0.03750409185886383, ""vy"": 5.0941267013549805, ""r"": 2.5906050205230713}]"
21,1.05,-63.767024993896484,24.473398208618164,0.002770515350259529,3.132561786010144,-2.3435315831893877e-15,0.6000000238418579,0.0,PlanStatus.OK,hybrid_astar,0.99945068359375,31,0.1,51,-63.767024993896484,24.473398208618164,0.002770515350259529,6.0,-39.76711710290115,24.539890491961273,0.002770515350259529,6.0,1,"[{""id"": 78, ""x"": -110.21418762207031, ""y"": -5.806591510772705, ""vx"": -0.03838411718606949, ""vy"": 4.915628433227539, ""r"": 2.5906050205230713}]"
22,1.1,-63.60483932495117,24.473846435546875,0.002770342140758944,3.3183408771984597,7.859745772514741e-16,0.6000000238418579,0.0,PlanStatus.OK,hybrid_astar,0.9992122650146484,31,0.1,51,-63.60483932495117,24.473846435546875,0.002770342140758944,6.0,-39.60493142243929,24.540334561877863,0.002770342140758944,6.0,1,"[{""id"": 78, ""x"": -110.21520233154297, ""y"": -5.598671913146973, ""vx"": -0.030064022168517113, ""vy"": 3.630995988845825, ""r"": 2.5906050205230713}]"
23,1.1500000000000001,-63.43318176269531,24.474323272705078,0.0027701663305151067,3.5098730293840927,-2.673373200872027e-15,0.5960507988929749,0.0,PlanStatus.OK,hybrid_astar,0.0,31,0.1,51,-63.43318176269531,24.474323272705078,0.0027701663305151067,6.0,-39.43327384849444,24.54080717960646,0.0027701663305151067,6.0,1,"[{""id"": 78, ""x"": -110.21601104736328, ""y"": -5.4285688400268555, ""vx"": -0.02767004631459713, ""vy"": 3.364496946334839, ""r"": 2.5906050205230713}]"
24,1.2000000000000002,-63.25227737426758,24.47482681274414,0.002769988959825318,3.6908527358003878,2.35447080194494e-15,0.5236589312553406,0.0,PlanStatus.OK,hybrid_astar,0.0,31,0.1,51,-63.25227737426758,24.47482681274414,0.002769988959825318,6.0,-39.25236944827475,24.541306462765235,0.002769988959825318,6.0,1,"[{""id"": 78, ""x"": -110.21690368652344, ""y"": -5.259451389312744, ""vx"": -0.025600740686058998, ""vy"": 3.398463010787964, ""r"": 2.5906050205230713}]"
25,1.25,-63.062400817871094,24.475351333618164,0.002769817050696359,3.8660648361177326,1.788582912960919e-15,0.4535740613937378,0.0,PlanStatus.OK,hybrid_astar,0.0,31,0.1,51,-63.062400817871094,24.475351333618164,0.002769817050696359,6.0,-39.06249288045018,24.541826857835986,0.002769817050696359,6.0,1,"[{""id"": 78, ""x"": -110.21793365478516, ""y"": -5.093696117401123, ""vx"": -0.025164425373077393, ""vy"": 3.258793830871582, ""r"": 2.5906050205230713}]"
26,1.3,-62.86470413208008,24.47589874267578,0.0027696651672904403,4.0098992623011505,-3.2989736303848057e-16,0.39604029059410095,0.0,PlanStatus.OK,hybrid_astar,1.0042190551757812,31,0.1,51,-62.86470413208008,24.47589874267578,0.0027696651672904403,6.0,-38.86479618456292,24.542370621705878,0.0027696651672904403,6.0,1,"[{""id"": 78, ""x"": -110.21923828125, ""y"": -4.925639629364014, ""vx"": -0.02645709738135338, ""vy"": 3.424492359161377, ""r"": 2.5906050205230713}]"
27,1.35,-62.66011047363281,24.477035522460938,0.0027638197367571764,4.130660382347215,1.941429584776484e-15,0.34773585200309753,0.0,PlanStatus.OK,hybrid_astar,1.0001659393310547,31,0.1,51,-62.66011047363281,24.477035522460938,0.0027638197367571764,6.0,-38.660202137968966,24.543367111695147,0.0027638197367571764,6.0,1,"[{""id"": 78, ""x"": -110.22064971923828, ""y"": -4.754703998565674, ""vx"": -0.027147609740495682, ""vy"": 3.4677047729492188, ""r"": 2.5906050205230713}]"
28,1.4000000000000001,-62.450462341308594,24.4768009185791,0.0025365678316920516,4.224527816028597,-6.946541552629751e-16,0.3101888597011566,0.0,PlanStatus.OK,hybrid_astar,0.0,31,0.1,51,-62.450462341308594,24.4768009185791,0.0025365678316920516,6.0,-38.4505395513836,24.537678481256847,0.0025365678316920516,6.0,1,"[{""id"": 78, ""x"": -110.22213745117188, ""y"": -4.575741291046143, ""vx"": -0.028445569798350334, ""vy"": 3.6890838146209717, ""r"": 2.5906050205230713}]"
29,1.4500000000000002,-62.23695755004883,24.476837158203125,0.0022833763735054997,4.294548234303436,-1.3062498479049695e-15,0.28218069672584534,0.0,PlanStatus.OK,hybrid_astar,0.99945068359375,31,0.1,51,-62.23695755004883,24.476837158203125,0.0022833763735054997,6.0,-38.23702011571356,24.53163814354697,0.0022833763735054997,6.0,1,"[{""id"": 78, ""x"": -110.22378540039062, ""y"": -4.3872294425964355, ""vx"": -0.031604375690221786, ""vy"": 3.709280252456665, ""r"": 2.5906050205230713}]"
30,1.5,-62.02115249633789,24.47667694091797,0.0023551945980386964,4.340987151668325,1.5568055288950214e-16,0.26360514760017395,0.0,PlanStatus.OK,hybrid_astar,0.0,31,0.1,51,-62.02115249633789,24.47667694091797,0.0023551945980386964,6.0,-38.02121905960615,24.533201559014394,0.0023551945980386964,6.0,1,"[{""id"": 78, ""x"": -110.2255859375, ""y"": -4.191401481628418, ""vx"": -0.033670831471681595, ""vy"": 3.9644298553466797, ""r"": 2.5906050205230713}]"
31,1.55,-61.80324935913086,24.477462768554688,0.002381670424418692,4.37966874914136,-1.885456165314262e-15,0.24813249707221985,0.0,PlanStatus.OK,hybrid_astar,0.0,31,0.1,51,-61.80324935913086,24.477462768554688,0.002381670424418692,6.0,-37.803317427346755,24.53462280470209,0.002381670424418692,6.0,1,"[{""id"": 78, ""x"": -110.22750854492188, ""y"": -3.985992431640625, ""vx"": -0.03548293188214302, ""vy"": 4.208813667297363, ""r"": 2.5906050205230713}]"
32,1.6,-61.583656311035156,24.478281021118164,0.0023842095300556495,4.403249644339826,1.4849428830730521e-15,0.23870013654232025,0.0,PlanStatus.OK,hybrid_astar,1.1386871337890625,31,0.1,51,-61.583656311035156,24.478281021118164,0.0023842095300556495,6.0,-37.58372452446375,24.53550199562776,0.0023842095300556495,6.0,1,"[{""id"": 78, ""x"": -110.2294692993164, ""y"": -3.76731538772583, ""vx"": -0.03625591844320297, ""vy"": 4.496516227722168, ""r"": 2.5906050205230713}]"
33,1.6500000000000001,-61.36300277709961,24.478927612304688,0.0023843824794819095,4.420648659305873,2.7881007960227475e-16,0.2317405343055725,0.0,PlanStatus.OK,hybrid_astar,0.0,31,0.1,51,-61.36300277709961,24.478927612304688,0.0023843824794819095,6.0,-37.363071000424924,24.53615273758873,0.0023843824794819095,6.0,1,"[{""id"": 78, ""x"": -110.23114013671875, ""y"": -3.5306508541107178, ""vx"": -0.04010771960020065, ""vy"": 4.900960445404053, ""r"": 2.5906050205230713}]"
34,1.7000000000000002,-61.14171600341797,24.47949981689453,0.002384402765279275,4.429052226312382,-1.868933517128646e-15,0.22837911546230316,0.0,PlanStatus.OK,hybrid_astar,0.0,31,0.1,51,-61.14171600341797,24.47949981689453,0.002384402765279275,6.0,-37.14178422790417,24.53672542903638,0.002384402765279275,6.0,1,"[{""id"": 78, ""x"": -110.23357391357422, ""y"": -3.282965898513794, ""vx"": -0.04037608206272125, ""vy"": 4.966179847717285, ""r"": 2.5906050205230713}]"
35,1.75,-60.92007064819336,24.480037689208984,0.002384409267137405,4.43545902242246,-1.234455864691287e-15,0.22581638395786285,0.0,PlanStatus.OK,hybrid_astar,0.9996891021728516,31,0.1,51,-60.92007064819336,24.480037689208984,0.002384409267137405,6.0,-36.92013887305174,24.53726345739497,0.002384409267137405,6.0,1,"[{""id"": 78, ""x"": -110.23540496826172, ""y"": -3.0358526706695557, ""vx"": -0.04151773825287819, ""vy"": 4.924441337585449, ""r"": 2.5906050205230713}]"
36,1.8,-60.69826889038086,24.48056983947754,0.002384408746988755,4.43631959408536,-2.613949233880487e-16,0.22547216713428497,0.0,PlanStatus.OK,hybrid_astar,1.0006427764892578,31,0.1,51,-60.69826889038086,24.48056983947754,0.002384408746988755,6.0,-36.6983371152094,24.537795595179965,0.002384408746988755,6.0,1,"[{""id"": 78, ""x"": -110.23776245117188, ""y"": -2.7918167114257812, ""vx"": -0.0381653718650341, ""vy"": 4.851431846618652, ""r"": 2.5906050205230713}]"
37,1.85,-60.47642135620117,24.48110008239746,0.0023844056260968523,4.437714874040926,-2.1025299573883315e-15,0.2249140441417694,0.0,PlanStatus.OK,hybrid_astar,1.0006427764892578,31,0.1,51,-60.47642135620117,24.48110008239746,0.0023844056260968523,6.0,-36.47648958085108,24.538325763198735,0.0023844056260968523,6.0,1,"[{""id"": 78, ""x"": -110.23875427246094, ""y"": -2.557119607925415, ""vx"": -0.03843879699707031, ""vy"": 4.469294548034668, ""r"": 2.5906050205230713}]"
38,1.9000000000000001,-60.25460433959961,24.481632232666016,0.002384404585799552,4.435456639126748,1.1388472325281947e-15,0.22581733763217926,0.0,PlanStatus.OK,hybrid_astar,0.99945068359375,31,0.1,51,-60.25460433959961,24.481632232666016,0.002384404585799552,6.0,-36.254672564190045,24.538857888500168,0.002384404585799552,6.0,1,"[{""id"": 78, ""x"": -110.23735046386719, ""y"": -2.37211012840271, ""vx"": -0.012592525221407413, ""vy"": 3.1543800830841064, ""r"": 2.5906050205230713}]"
39,1.9500000000000002,-60.03284454345703,24.482162475585938,0.0023844030253536005,4.4351057511481216,2.1160790170032725e-16,0.2259577065706253,0.0,PlanStatus.OK,hybrid_astar,0.9999275207519531,31,0.1,51,-60.03284454345703,24.482162475585938,0.0023844030253536005,6.0,-36.03291276795815,24.539388093969514,0.0023844030253536005,6.0,1,"[{""id"": 78, ""x"": -110.23616790771484, ""y"": -2.237762212753296, ""vx"": -0.007402644492685795, ""vy"": 2.6926279067993164, ""r"": 2.5906050205230713}]"
40,2.0,-59.81118392944336,24.48269271850586,0.002384403545502251,4.432012554120753,-2.0470215590141522e-15,0.22719497978687286,0.0,PlanStatus.OK,hybrid_astar,1.0089874267578125,31,0.1,51,-59.81118392944336,24.48269271850586,0.002384403545502251,6.0,-35.81125215397432,24.539918349372996,0.002384403545502251,6.0,1,"[{""id"": 78, ""x"": -110.23653411865234, ""y"": -2.106977701187134, ""vx"": -0.01837318018078804, ""vy"": 2.5691134929656982, ""r"": 2.5906050205230713}]"
41,2.0500000000000003,-59.59007263183594,24.48340606689453,0.0024370503911531043,4.433766451974192,-6.666507695707151e-16,0.22649341821670532,0.0,PlanStatus.OK,hybrid_astar,0.0,31,0.1,51,-59.59007263183594,24.48340606689453,0.0024370503911531043,6.0,-35.590143902376,24.541895218385584,0.0024370503911531043,6.0,1,"[{""id"": 78, ""x"": -110.2376937866211, ""y"": -1.9745088815689087, ""vx"": -0.02194211818277836, ""vy"": 2.709228992462158, ""r"": 2.5906050205230713}]"
42,2.1,-59.36857604980469,24.483165740966797,0.0027053472262217747,4.4303740799548965,-1.1910569669684105e-15,0.22785036265850067,0.0,PlanStatus.OK,hybrid_astar,0.0,31,0.1,51,-59.36857604980469,24.483165740966797,0.0027053472262217747,6.0,-35.368663876594454,24.548093995195472,0.0027053472262217747,6.0,1,"[{""id"": 78, ""x"": -110.23898315429688, ""y"": -1.8395620584487915, ""vx"": -0.025722406804561615, ""vy"": 2.7011396884918213, ""r"": 2.5906050205230713}]"
43,2.15,-59.14745330810547,24.483707427978516,0.0029238892421358494,4.4241535516270485,-8.92746574263786e-16,0.23033857345581055,0.0,PlanStatus.OK,hybrid_astar,0.9992122650146484,31,0.1,51,-59.14745330810547,24.483707427978516,0.0029238892421358494,6.0,-35.147555897572076,24.553880669803007,0.0029238892421358494,6.0,1,"[{""id"": 78, ""x"": -110.24091339111328, ""y"": -1.6883724927902222, ""vx"": -0.026499759405851364, ""vy"": 3.117896556854248, ""r"": 2.5906050205230713}]"
44,2.2,-58.92576217651367,24.483671188354492,0.002946654588118173,4.42031047179434,2.371448095064995e-15,0.23187580704689026,0.0,PlanStatus.OK,hybrid_astar,1.0001659393310547,31,0.1,51,-58.92576217651367,24.483671188354492,0.002946654588118173,6.0,-34.92586636971737,24.5543907961288,0.002946654588118173,6.0,1,"[{""id"": 78, ""x"": -110.24274444580078, ""y"": -1.5342276096343994, ""vx"": -0.02793540619313717, ""vy"": 3.06064510345459, ""r"": 2.5906050205230713}]"
45,2.25,-58.70452117919922,24.484601974487305,0.0029497120218852603,4.421060234057569,-1.3452271542338398e-16,0.23157590627670288,0.0,PlanStatus.OK,hybrid_astar,0.0,31,0.1,51,-58.70452117919922,24.484601974487305,0.0029497120218852603,6.0,-34.70462558873568,24.555394960353162,0.0029497120218852603,6.0,1,"[{""id"": 78, ""x"": -110.24456024169922, ""y"": -1.3715119361877441, ""vx"": -0.03058190457522869, ""vy"": 3.3964059352874756, ""r"": 2.5906050205230713}]"
46,2.3000000000000003,-58.48344039916992,24.48541259765625,0.002951233196613373,4.4200084824603385,4.545738366107355e-16,0.23199661076068878,0.0,PlanStatus.OK,hybrid_astar,0.0,31,0.1,51,-58.48344039916992,24.48541259765625,0.002951233196613373,6.0,-34.48354491642267,24.556242091556676,0.002951233196613373,6.0,1,"[{""id"": 78, ""x"": -110.24691009521484, ""y"": -1.2002391815185547, ""vx"": -0.032038670033216476, ""vy"": 3.5465545654296875, ""r"": 2.5906050205230713}]"
47,2.35,-58.26238250732422,24.486122131347656,0.0029516550371688523,4.421733192696467,-1.9899349265010014e-15,0.23130671679973602,0.0,PlanStatus.OK,hybrid_astar,0.5044937133789062,31,0.1,51,-58.26238250732422,24.486122131347656,0.0029516550371688523,6.0,-34.26248705445792,24.55696174937735,0.0029516550371688523,6.0,1,"[{""id"": 78, ""x"": -110.24889373779297, ""y"": -1.01360285282135, ""vx"": -0.03318950533866882, ""vy"": 3.8714845180511475, ""r"": 2.5906050205230713}]"
48,2.4000000000000004,-58.04132843017578,24.486793518066406,0.0029517530851894537,4.420901926775372,-3.463746684916389e-16,0.23163923621177673,0.0,PlanStatus.OK,hybrid_astar,0.9989738464355469,31,0.1,51,-58.04132843017578,24.486793518066406,0.0029517530851894537,6.0,-34.04143298425518,24.557635489238315,0.0029517530851894537,6.0,1,"[{""id"": 78, ""x"": -110.25082397460938, ""y"": -0.8174078464508057, ""vx"": -0.03651180490851402, ""vy"": 4.019644260406494, ""r"": 2.5906050205230713}]"
49,2.45,-57.82024383544922,24.48745346069336,0.002951772330689519,4.422618606582077,2.5420000848187796e-15,0.23095256090164185,0.0,PlanStatus.OK,hybrid_astar,0.0,31,0.1,51,-57.82024383544922,24.48745346069336,0.002951772330689519,6.0,-33.82034839089201,24.558295893755208,0.002951772330689519,6.0,1,"[{""id"": 78, ""x"": -110.25310516357422, ""y"": -0.6072579622268677, ""vx"": -0.036671482026576996, ""vy"": 4.3710856437683105, ""r"": 2.5906050205230713}]"
50,2.5,-57.599143981933594,24.488107681274414,0.0029517746713584457,4.421683034299913,-5.663133112817796e-16,0.23132678866386414,0.0,PlanStatus.OK,hybrid_astar,1.0020732879638672,31,0.1,51,-57.599143981933594,24.488107681274414,0.0029517746713584457,6.0,-33.59924853754222,24.558950170512126,0.0029517746713584457,6.0,1,"[{""id"": 78, ""x"": -110.25489044189453, ""y"": -0.3851741850376129, ""vx"": -0.03871706873178482, ""vy"": 4.499947547912598, ""r"": 2.5906050205230713}]"
51,2.5500000000000003,-57.378021240234375,24.48876190185547,0.002951772850838169,4.423264781842311,-5.780868574903775e-16,0.23069408535957336,0.0,PlanStatus.OK,hybrid_astar,0.0,31,0.1,51,-57.378021240234375,24.48876190185547,0.002951772850838169,6.0,-33.37812579571404,24.559604347400878,0.002951772850838169,6.0,1,"[{""id"": 78, ""x"": -110.25704193115234, ""y"": -0.14818450808525085, ""vx"": -0.03987453877925873, ""vy"": 4.916345596313477, ""r"": 2.5906050205230713}]"
52,2.6,-57.156898498535156,24.48941421508789,0.0029517707702435675,4.422198170560867,-9.609442673416636e-16,0.2311207354068756,0.0,PlanStatus.OK,hybrid_astar,0.0,31,0.1,51,-57.156898498535156,24.48941421508789,0.0029517707702435675,6.0,-33.157003053867314,24.56025661069927,0.0029517707702435675,6.0,1,"[{""id"": 78, ""x"": -110.25941467285156, ""y"": 0.10183513164520264, ""vx"": -0.04407120496034622, ""vy"": 5.102028846740723, ""r"": 2.5906050205230713}]"
53,2.6500000000000004,-56.93574523925781,24.49006462097168,0.002951768949723291,4.423660227192474,-9.726230517392875e-16,0.23053590953350067,0.0,PlanStatus.OK,hybrid_astar,0.0,31,0.1,51,-56.93574523925781,24.49006462097168,0.002951768949723291,6.0,-32.93584979446101,24.560906972890756,0.002951768949723291,6.0,1,"[{""id"": 78, ""x"": -110.26204681396484, ""y"": 0.36407119035720825, ""vx"": -0.043536361306905746, ""vy"": 5.317648410797119, ""r"": 2.5906050205230713}]"
54,2.7,-56.714603424072266,24.49071502685547,0.0029517679094259903,4.422494410589339,-1.1601087124163433e-15,0.23100224137306213,0.0,PlanStatus.OK,hybrid_astar,0.9999275207519531,31,0.1,51,-56.714603424072266,24.49071502685547,0.0029517679094259903,6.0,-32.71470797920192,24.56155735380753,0.0029517679094259903,6.0,1,"[{""id"": 78, ""x"": -110.26451873779297, ""y"": 0.6245761513710022, ""vx"": -0.04261280596256256, ""vy"": 5.144125938415527, ""r"": 2.5906050205230713}]"
55,2.75,-56.49344253540039,24.491363525390625,0.0029517666090543644,4.423872042806788,2.1349122387201002e-15,0.23045118153095245,0.0,PlanStatus.OK,hybrid_astar,0.0,31,0.1,51,-56.49344253540039,24.491363525390625,0.0029517666090543644,6.0,-32.493547090437744,24.562205821133837,0.0029517666090543644,6.0,1,"[{""id"": 78, ""x"": -110.26718139648438, ""y"": 0.8867457509040833, ""vx"": -0.049477193504571915, ""vy"": 5.324623107910156, ""r"": 2.5906050205230713}]"
56,2.8000000000000003,-56.27228927612305,24.492013931274414,0.0029517660889057137,4.422641832336204,-1.179558388830315e-15,0.23094326257705688,0.0,PlanStatus.OK,hybrid_astar,1.5056133270263672,31,0.1,51,-56.27228927612305,24.492013931274414,0.0029517660889057137,6.0,-32.272393831123736,24.562856214534172,0.0029517660889057137,6.0,1,"[{""id"": 78, ""x"": -110.27034759521484, ""y"": 1.1784695386886597, ""vx"": -0.06083165109157562, ""vy"": 6.165021896362305, ""r"": 2.5906050205230713}]"
57,2.85,-56.051116943359375,24.492660522460938,0.0029517655687570634,4.42396985677742,6.603155454604041e-16,0.2304120510816574,0.0,PlanStatus.OK,hybrid_astar,0.0,31,0.1,51,-56.051116943359375,24.492660522460938,0.0029517655687570634,6.0,-32.05122149832319,24.563502793237134,0.0029517655687570634,6.0,1,"[{""id"": 78, ""x"": -110.2735824584961, ""y"": 1.5056977272033691, ""vx"": -0.06703746318817139, ""vy"": 6.757669925689697, ""r"": 2.5906050205230713}]"
58,2.9000000000000004,-55.8299560546875,24.493310928344727,0.002951765048608413,4.422703392869493,-1.3674426843881724e-15,0.23091864585876465,0.0,PlanStatus.OK,hybrid_astar,0.0,31,0.1,51,-55.8299560546875,24.493310928344727,0.002951765048608413,6.0,-31.830060609614435,24.56415318663747,0.002951765048608413,6.0,1,"[{""id"": 78, ""x"": -110.27696228027344, ""y"": 1.8581827878952026, ""vx"": -0.06970040500164032, ""vy"": 7.218613147735596, ""r"": 2.5906050205230713}]"
59,2.95,-55.60878372192383,24.49395751953125,0.002951764008311112,4.424006133696326,-1.5612495401923503e-15,0.2303975522518158,0.0,PlanStatus.OK,hybrid_astar,0.0,31,0.1,51,-55.60878372192383,24.49395751953125,0.002951764008311112,6.0,-31.60888827677701,24.564799752856977,0.002951764008311112,6.0,1,"[{""id"": 78, ""x"": -110.2804183959961, ""y"": 2.2277235984802246, ""vx"": -0.06958172470331192, ""vy"": 7.496035099029541, ""r"": 2.5906050205230713}]"
60,3.0,-55.38761901855469,24.494604110717773,0.002951764008311112,4.422721540915256,-1.5616193759529452e-15,0.23091138899326324,0.0,PlanStatus.OK,hybrid_astar,0.0,31,0.1,51,-55.38761901855469,24.494604110717773,0.002951764008311112,6.0,-31.387723573407868,24.5654463440435,0.002951764008311112,6.0,1,"[{""id"": 78, ""x"": -110.28404998779297, ""y"": 2.613635778427124, ""vx"": -0.07520776987075806, ""vy"": 7.860917091369629, ""r"": 2.5906050205230713}]"
61,3.0500000000000003,-55.16645050048828,24.495250701904297,0.002951763488162462,4.424011877257047,2.783230621273831e-16,0.23039524257183075,0.0,PlanStatus.OK,hybrid_astar,1.001596450805664,31,0.1,51,-55.16645050048828,24.495250701904297,0.002951763488162462,6.0,-31.166555055304592,24.566092922746464,0.002951763488162462,6.0,1,"[{""id"": 78, ""x"": -110.28778076171875, ""y"": 3.013124942779541, ""vx"": -0.0751057118177414, ""vy"": 8.069873809814453, ""r"": 2.5906050205230713}]"
62,3.1,-54.94528579711914,24.49589729309082,0.002951763488162462,4.422720126763501,2.7838934245550577e-16,0.2309119552373886,0.0,PlanStatus.OK,hybrid_astar,0.0,31,0.1,51,-54.94528579711914,24.49589729309082,0.002951763488162462,6.0,-30.94539035193545,24.566739513932987,0.002951763488162462,6.0,1,"[{""id"": 78, ""x"": -110.29166412353516, ""y"": 3.424443006515503, ""vx"": -0.08000030368566513, ""vy"": 8.318886756896973, ""r"": 2.5906050205230713}]"
63,3.1500000000000004,-54.72412109375,24.49654769897461,0.002951763488162462,4.424006167992056,2.7832335329495874e-16,0.2303975373506546,0.0,PlanStatus.OK,hybrid_astar,0.9987354278564453,31,0.1,51,-54.72412109375,24.49654769897461,0.002951763488162462,6.0,-30.72422564856631,24.567389919816776,0.002951763488162462,6.0,1,"[{""id"": 78, ""x"": -110.29560089111328, ""y"": 3.8422415256500244, ""vx"": -0.07867581397294998, ""vy"": 8.370611190795898, ""r"": 2.5906050205230713}]"
64,3.2,-54.50295639038086,24.497194290161133,0.002951763488162462,4.422712506918406,2.783897395021998e-16,0.23091499507427216,0.0,PlanStatus.OK,hybrid_astar,1.0018348693847656,31,0.1,51,-54.50295639038086,24.497194290161133,0.002951763488162462,6.0,-30.50306094519717,24.5680365110033,0.002951763488162462,6.0,1,"[{""id"": 78, ""x"": -110.299560546875, ""y"": 4.262357234954834, ""vx"": -0.07900524139404297, ""vy"": 8.416647911071777, ""r"": 2.5906050205230713}]"
65,3.25,-54.28178405761719,24.497840881347656,0.002951763488162462,4.423998545545256,2.7832375034165277e-16,0.23040057718753815,0.0,PlanStatus.OK,hybrid_astar,0.0,31,0.1,51,-54.28178405761719,24.497840881347656,0.002951763488162462,6.0,-30.2818886124335,24.568683102189823,0.002951763488162462,6.0,1,"[{""id"": 78, ""x"": -110.303466796875, ""y"": 4.67950439453125, ""vx"": -0.0777970403432846, ""vy"": 8.289395332336426, ""r"": 2.5906050205230713}]"
66,3.3000000000000003,-54.06062316894531,24.49848747253418,0.002951763488162462,4.4227058367487775,2.783900836093346e-16,0.23091766238212585,0.0,PlanStatus.OK,hybrid_astar,0.0,31,0.1,51,-54.06062316894531,24.49848747253418,0.002951763488162462,6.0,-30.060727723761627,24.569329693376346,0.002951763488162462,6.0,1,"[{""id"": 78, ""x"": -110.30734252929688, ""y"": 5.09246826171875, ""vx"": -0.07738195359706879, ""vy"": 8.243673324584961, ""r"": 2.5906050205230713}]"
67,3.35,-53.83945083618164,24.499135971069336,0.002951763488162462,4.42399235048493,2.78324067979008e-16,0.23040306568145752,0.0,PlanStatus.OK,hybrid_astar,0.0,31,0.1,51,-53.83945083618164,24.499135971069336,0.002951763488162462,6.0,-29.839555390997955,24.569978191911503,0.002951763488162462,6.0,1,"[{""id"": 78, ""x"": -110.31117248535156, ""y"": 5.499630451202393, ""vx"": -0.07585862278938293, ""vy"": 8.079046249389648, ""r"": 2.5906050205230713}]"
68,3.4000000000000004,-53.618289947509766,24.49978256225586,0.002951763488162462,4.422700117815969,2.7839037477691024e-16,0.2309199571609497,0.0,PlanStatus.OK,hybrid_astar,0.0,31,0.1,51,-53.618289947509766,24.49978256225586,0.002951763488162462,6.0,-29.61839450232608,24.570624783098026,0.002951763488162462,6.0,1,"[{""id"": 78, ""x"": -110.31494140625, ""y"": 5.901834011077881, ""vx"": -0.07538145035505295, ""vy"": 8.026224136352539, ""r"": 2.5906050205230713}]"
69,3.45,-53.397117614746094,24.500429153442383,0.002951763488162462,4.423988538289093,-0.17142857611179352,0.2304045855998993,0.0,PlanStatus.OK,hybrid_astar,14.51873779296875,41,0.1,51,-53.397117614746094,24.500429153442383,0.002951763488162462,6.0,-26.781325240575647,27.852285691027788,0.26293050224973397,6.0,1,"[{""id"": 78, ""x"": -110.31663513183594, ""y"": 6.298732757568359, ""vx"": 0.006672281306236982, ""vy"": 7.886014938354492, ""r"": 2.5906050205230713}]"
70,3.5,-53.17656707763672,24.49566078186035,-0.0016841830733661102,4.403530622007082,-0.34285715222358704,0.23858775198459625,0.0,PlanStatus.OK,hybrid_astar,14.511346817016602,41,0.1,51,-53.17656707763672,24.49566078186035,-0.0016841830733661102,6.0,-26.54552174413641,27.72409235129997,0.25829455568820603,6.0,1,"[{""id"": 78, ""x"": -110.31652069091797, ""y"": 6.692960262298584, ""vx"": 0.0354611799120903, ""vy"": 7.890395164489746, ""r"": 2.5906050205230713}]"
71,3.5500000000000003,-52.958763122558594,24.478363037109375,-0.015479887031302677,4.358644465642464,-0.4387073218822479,0.2565422058105469,0.0,PlanStatus.OK,hybrid_astar,14.510393142700195,41,0.1,51,-52.958763122558594,24.478363037109375,-0.015479887031302677,6.0,-26.285714904993736,27.339105027741084,0.2444988517302717,6.0,1,"[{""id"": 78, ""x"": -110.3155517578125, ""y"": 7.085445880889893, ""vx"": 0.047573573887348175, ""vy"": 7.828500747680664, ""r"": 2.5906050205230713}]"
72,3.6,-52.74605941772461,24.446247100830078,-0.03841716815001825,4.301995484847772,-0.2672787606716156,0.27920180559158325,0.0,PlanStatus.OK,hybrid_astar,17.017602920532227,41,0.1,51,-52.74605941772461,24.446247100830078,-0.03841716815001825,6.0,-26.737715955700804,29.64197125581449,-0.30256308883958266,6.0,0,[]
73,3.6500000000000004,-52.53548812866211,24.405908584594727,-0.06274995504261104,4.327190991148393,-0.09585017710924149,0.2691236138343811,0.0,PlanStatus.OK,hybrid_astar,39.60156440734863,41,0.1,51,-52.53548812866211,24.405908584594727,-0.06274995504261104,6.0,-26.40842988236889,28.967301631470487,-0.32689587573217466,6.0,0,[]
74,3.7,-52.322025299072266,24.36989402770996,-0.07843064337980839,4.350259780599295,0.07557839155197144,0.25989609956741333,0.0,PlanStatus.OK,hybrid_astar,16.091585159301758,41,0.1,51,-52.322025299072266,24.36989402770996,-0.07843064337980839,6.0,-26.12665624797043,28.521052830967246,-0.34257656406937226,6.0,0,[]
75,3.75,-52.10616683959961,24.34539222717285,-0.08237534255356899,4.342121304591664,0.24700696766376495,0.26315146684646606,0.0,PlanStatus.OK,hybrid_astar,22.536039352416992,41,0.1,51,-52.10616683959961,24.34539222717285,-0.08237534255356899,6.0,-25.894626566505185,28.393186150439455,-0.3465212632431331,6.0,0,[]
76,3.8000000000000003,-51.89000701904297,24.334632873535156,-0.0754495091779521,4.32151951950424,0.07557839155197144,0.27139219641685486,0.0,PlanStatus.OK,hybrid_astar,16.51287078857422,41,0.1,51,-51.89000701904297,24.334632873535156,-0.0754495091779521,6.0,-28.431971200506943,28.49180915904257,0.33694354024320794,6.0,0,[]
77,3.85,-51.67352294921875,24.32961654663086,-0.06655934066586039,4.342597161975608,-0.09585017710924149,0.26296114921569824,0.0,PlanStatus.OK,hybrid_astar,20.5385684967041,41,0.1,51,-51.67352294921875,24.32961654663086,-0.06655934066586039,6.0,-28.299216388612095,27.20310062549504,0.26695305914052925,6.0,0,[]
78,3.9000000000000004,-51.45668411254883,24.317651748657227,-0.065477560469881,4.341692228727737,-0.2672787606716156,0.2633230984210968,0.0,PlanStatus.OK,hybrid_astar,19.01721954345703,41,0.1,51,-51.45668411254883,24.317651748657227,-0.065477560469881,6.0,-28.08549970637686,27.216420003176733,0.2680348393365092,6.0,0,[]
79,3.95,-51.24163818359375,24.293434143066406,-0.07429475420691534,4.322416481462556,-0.4387073218822479,0.2710334062576294,0.0,PlanStatus.OK,hybrid_astar,15.507221221923828,41,0.1,51,-51.24163818359375,24.293434143066406,-0.07429475420691534,6.0,-27.788418524135274,28.477695934314035,0.3380982952142437,6.0,0,[]
80,4.0,-51.03049850463867,24.255617141723633,-0.09211984898216892,4.289771948138913,-0.44038546085357666,0.2840912342071533,0.0,PlanStatus.OK,hybrid_astar,18.015384674072266,41,0.1,51,-51.03049850463867,24.255617141723633,-0.09211984898216892,6.0,-27.506423775852898,28.021180484306946,0.32027320043899377,6.0,0,[]
81,4.05,-50.825321197509766,24.203351974487305,-0.11835098703404064,4.24960882155971,-0.4413842558860779,0.30015647411346436,0.0,PlanStatus.OK,hybrid_astar,19.019603729248047,41,0.1,51,-50.825321197509766,24.203351974487305,-0.11835098703404064,6.0,-27.210575455475514,27.35062741073036,0.29404206238712,6.0,0,[]
82,4.1000000000000005,-50.62501907348633,24.13905906677246,-0.1492096088288988,4.252748049032494,-0.26995566487312317,0.2989007830619812,0.0,PlanStatus.OK,hybrid_astar,1.9986629486083984,31,0.1,51,-50.62501907348633,24.13905906677246,-0.1492096088288988,6.0,-27.378076434206474,28.53910322075692,-0.14920960882889908,6.0,0,[]
83,4.15,-50.423484802246094,24.07135772705078,-0.17616033300730993,4.308026481466827,-0.09852710366249084,0.2767893970012665,0.0,PlanStatus.OK,hybrid_astar,2.003908157348633,31,0.1,51,-50.423484802246094,24.07135772705078,-0.17616033300730993,6.0,-27.06641424051756,27.84335791334642,-0.17616033300731024,6.0,0,[]
84,4.2,-50.21664047241211,24.009918212890625,-0.19257667382256044,4.341512770703431,0.07290147244930267,0.26339489221572876,0.0,PlanStatus.OK,hybrid_astar,1.0044574737548828,31,0.1,51,-50.21664047241211,24.009918212890625,-0.19257667382256044,6.0,-26.800797502075792,27.397989732137383,-0.1925766738225607,6.0,0,[]
85,4.25,-50.00539779663086,23.960304260253906,-0.1968840539248978,4.3397115376498165,0.2443300485610962,0.2641153931617737,0.0,PlanStatus.OK,hybrid_astar,1.5044212341308594,31,0.1,51,-50.00539779663086,23.960304260253906,-0.1968840539248978,6.0,-26.575178382433435,27.247483725014686,-0.19688405392489802,6.0,0,[]
86,4.3,-49.791927337646484,23.92449188232422,-0.19020909032396638,4.323705870205867,0.4157586097717285,0.27051764726638794,0.0,PlanStatus.OK,hybrid_astar,0.9982585906982422,31,0.1,51,-49.791927337646484,23.92449188232422,-0.19020909032396638,6.0,-26.384171530194006,27.36799281736874,-0.19020909032396668,6.0,0,[]
87,4.3500000000000005,-49.57818603515625,23.903182983398438,-0.1741389937399398,4.294821690478198,0.44026094675064087,0.2820713222026825,0.0,PlanStatus.OK,hybrid_astar,1.0001659393310547,31,0.1,51,-49.57818603515625,23.903182983398438,-0.1741389937399398,6.0,-26.228787676617205,27.72238799560097,-0.1741389937399401,6.0,0,[]
88,4.4,-49.366111755371094,23.897499084472656,-0.14934493070178848,4.2527404111142415,0.44130581617355347,0.29890382289886475,0.0,PlanStatus.OK,hybrid_astar,1.504659652709961,31,0.1,51,-49.366111755371094,23.897499084472656,-0.14934493070178848,6.0,-26.118573906726482,28.294397378362984,-0.14934493070178875,6.0,0,[]
89,4.45,-49.15590286254883,23.905677795410156,-0.11894111856446697,4.250597277021969,0.4413594901561737,0.2997610867023468,0.0,PlanStatus.OK,hybrid_astar,1.9993782043457031,31,0.1,51,-49.15590286254883,23.905677795410156,-0.11894111856446697,6.0,-26.05277097764826,29.007248900459256,-0.11894111856446729,6.0,0,[]
90,4.5,-48.94586181640625,23.923248291015625,-0.08700018810260059,4.270485405927623,0.4408631920814514,0.29180583357810974,0.0,PlanStatus.OK,hybrid_astar,2.999544143676758,31,0.1,51,-48.94586181640625,23.923248291015625,-0.08700018810260059,6.0,-26.01743532524026,29.7600273060356,-0.08700018810260088,6.0,0,[]
91,4.55,-48.73553466796875,23.948461532592773,-0.05471199391815548,4.293590953663267,0.2694346308708191,0.28256362676620483,0.0,PlanStatus.OK,hybrid_astar,1.9981861114501953,31,0.1,51,-48.73553466796875,23.948461532592773,-0.05471199391815548,6.0,-25.226233099896113,26.61181851437276,-0.05471199391815582,6.0,0,[]
92,4.6000000000000005,-48.522605895996094,23.97503662109375,-0.027299529621589654,4.348499380229894,0.09800604730844498,0.2606002390384674,0.0,PlanStatus.OK,hybrid_astar,1.9993782043457031,31,0.1,51,-48.522605895996094,23.97503662109375,-0.027299529621589654,6.0,-25.095136762008682,27.281760166697207,-0.027299529621589977,6.0,0,[]
93,4.65,-48.30576705932617,23.993844985961914,-0.010676612810127667,4.377693181285556,-1.3535406502622428e-15,0.24892272055149078,0.0,PlanStatus.OK,hybrid_astar,0.9999275207519531,31,0.1,51,-48.30576705932617,23.993844985961914,-0.010676612810127667,6.0,-24.936499464920594,27.689526618901002,-0.01067661281012798,6.0,0,[]
94,4.7,-48.086971282958984,24.00130271911621,-0.005104214025097218,4.384650211959771,-1.9960447869077835e-15,0.24613991379737854,0.0,PlanStatus.OK,hybrid_astar,0.9987354278564453,31,0.1,51,-48.086971282958984,24.00130271911621,-0.005104214025097218,6.0,-24.738660219781924,27.827149178150172,-0.005104214025097628,6.0,0,[]
95,4.75,-47.86733627319336,24.00269889831543,-0.00420087030349099,4.3977139210862095,2.714717831939575e-16,0.24091443419456482,0.0,PlanStatus.OK,hybrid_astar,0.9999275207519531,31,0.1,51,-47.86733627319336,24.00269889831543,-0.00420087030349099,6.0,-24.522490790383877,27.849635343687446,-0.0042008703034913525,6.0,0,[]
96,4.800000000000001,-47.6470832824707,24.002443313598633,-0.004049069861282149,4.409747159189247,-1.7996968322618427e-15,0.23610113561153412,0.0,PlanStatus.OK,hybrid_astar,2.035856246948242,31,0.1,51,-47.6470832824707,24.002443313598633,-0.004049069861282149,6.0,-24.302822035284592,27.85292347250144,-0.004049069861282492,6.0,0,[]
97,4.8500000000000005,-47.42641067504883,24.001745223999023,-0.0040597219854938155,4.416244922355326,-1.079655193745525e-15,0.23350203037261963,0.0,PlanStatus.OK,hybrid_astar,1.9998550415039062,31,0.1,51,-47.42641067504883,24.001745223999023,-0.0040597219854938155,6.0,-24.082108413394167,27.85197671671294,-0.0040597219854941885,6.0,0,[]
98,4.9,-47.205448150634766,24.000890731811523,-0.004022971402748023,4.420840040055361,-2.1530796131310473e-15,0.23166398704051971,0.0,PlanStatus.OK,hybrid_astar,0.9999275207519531,31,0.1,51,-47.205448150634766,24.000890731811523,-0.004022971402748023,6.0,-23.8612874029956,27.851980138637096,-0.004022971402748418,6.0,0,[]
99,4.95,-46.98432159423828,24.00002098083496,-0.004057591976770402,4.423644641996969,-6.848593309587224e-16,0.2305421382188797,0.0,PlanStatus.OK,hybrid_astar,0.9984970092773438,31,0.1,51,-46.98432159423828,24.00002098083496,-0.004057591976770402,6.0,-23.64002753366326,27.85030219710759,-0.0040575919767707885,6.0,0,[]
100,5.0,-46.76309585571289,23.999114990234375,-0.004022438250381356,4.4252581431330915,8.259835961798797e-16,0.22989673912525177,0.0,PlanStatus.OK,hybrid_astar,1.5037059783935547,31,0.1,51,-46.76309585571289,23.999114990234375,-0.004022438250381356,6.0,-23.418937161294526,27.850216843053918,-0.0040224382503817185,6.0,0,[]
101,5.050000000000001,-46.54180908203125,23.998226165771484,-0.004057591976770402,4.426039554406239,-6.84557046075671e-16,0.22958417236804962,0.0,PlanStatus.OK,hybrid_astar,1.9989013671875,31,0.1,51,-46.54180908203125,23.998226165771484,-0.004057591976770402,6.0,-23.19751502145623,27.848507382044115,-0.0040575919767707885,6.0,0,[]
102,5.1000000000000005,-46.32050323486328,23.997316360473633,-0.00402190561816334,4.426270366269965,-1.946822511202754e-17,0.22949185967445374,0.0,PlanStatus.OK,hybrid_astar,1.9981861114501953,31,0.1,51,-46.32050323486328,23.997316360473633,-0.00402190561816334,6.0,-22.976346591669092,27.84843064714367,-0.004021905618163721,6.0,0,[]
103,5.15,-46.09918975830078,23.996429443359375,-0.004057591976770402,4.42615780117605,-6.845421171199756e-16,0.22953687608242035,0.0,PlanStatus.OK,hybrid_astar,1.4243125915527344,31,0.1,51,-46.09918975830078,23.996429443359375,-0.004057591976770402,6.0,-22.754895697725765,27.846710659632006,-0.0040575919767707885,6.0,0,[]
104,5.2,-45.87789535522461,23.99552345275879,-0.00402190561816334,4.425853303761237,-1.9469720654575036e-17,0.22965867817401886,0.0,PlanStatus.OK,hybrid_astar,1.505136489868164,31,0.1,51,-45.87789535522461,23.99552345275879,-0.00402190561816334,6.0,-22.533738712030416,27.846637739428825,-0.004021905618163721,6.0,0,[]
105,5.25,-45.656620025634766,23.994640350341797,-0.004057591976770402,4.425459099849696,-6.846302614860493e-16,0.22981636226177216,0.0,PlanStatus.OK,hybrid_astar,1.0001659393310547,31,0.1,51,-45.656620025634766,23.994640350341797,-0.004057591976770402,6.0,-22.31232596505975,27.844921566614428,-0.0040575919767707885,6.0,0,[]
106,5.300000000000001,-45.435359954833984,23.993732452392578,-0.00402190561816334,4.425044118067556,-1.9472625712886322e-17,0.22998234629631042,0.0,PlanStatus.OK,hybrid_astar,0.9996891021728516,31,0.1,51,-45.435359954833984,23.993732452392578,-0.00402190561816334,6.0,-22.091203311639788,27.844846739062614,-0.004021905618163721,6.0,0,[]
107,5.3500000000000005,-45.21411895751953,23.99284553527832,-0.004057591976770402,4.4246481180340025,-6.847325936539894e-16,0.23014074563980103,0.0,PlanStatus.OK,hybrid_astar,1.0006427764892578,31,0.1,51,-45.21411895751953,23.99284553527832,-0.004057591976770402,6.0,-21.86982489694451,27.84312675155095,-0.0040575919767707885,6.0,0,[]
108,5.4,-44.99290466308594,23.99193572998047,-0.00402190561816334,4.4242961635294895,-1.947531074115467e-17,0.2302815318107605,0.0,PlanStatus.OK,hybrid_astar,2.005338668823242,31,0.1,51,-44.99290466308594,23.99193572998047,-0.00402190561816334,6.0,-21.64874801989174,27.843050016650505,-0.004021905618163721,6.0,0,[]
109,5.45,-44.771697998046875,23.991052627563477,-0.004057591976770402,4.423998457858647,-6.848146499707547e-16,0.23040062189102173,0.0,PlanStatus.OK,hybrid_astar,1.0004043579101562,31,0.1,51,-44.771697998046875,23.991052627563477,-0.004057591976770402,6.0,-21.427403937471855,27.841333843836107,-0.0040575919767707885,6.0,0,[]
110,5.5,-44.550506591796875,23.990148544311523,-0.00402190561816334,4.423755272097949,-1.9477252961232944e-17,0.23049789667129517,0.0,PlanStatus.OK,hybrid_astar,0.9999275207519531,31,0.1,51,-44.550506591796875,23.990148544311523,-0.00402190561816334,6.0,-21.20634994860268,27.84126283098156,-0.004021905618163721,6.0,0,[]
111,5.550000000000001,-44.32932662963867,23.98927116394043,-0.004057591976770402,4.423563938366027,-6.848694953540894e-16,0.23057442903518677,0.0,PlanStatus.OK,hybrid_astar,0.99945068359375,31,0.1,51,-44.32932662963867,23.98927116394043,-0.004057591976770402,6.0,-20.98503256906365,27.83955238021306,-0.0040575919767707885,6.0,0,[]
112,5.6000000000000005,-44.108158111572266,23.98836898803711,-0.00402190561816334,4.42341901048334,-1.947846064492727e-17,0.23063239455223083,0.0,PlanStatus.OK,hybrid_astar,1.0058879852294922,31,0.1,51,-44.108158111572266,23.98836898803711,-0.00402190561816334,6.0,-20.76400146837807,27.839483274707145,-0.004021905618163721,6.0,0,[]
113,5.65,-43.88698959350586,23.987491607666016,-0.004057591976770402,4.423311622713739,-6.849013649687298e-16,0.2306753545999527,0.0,PlanStatus.OK,hybrid_astar,0.99945068359375,31,0.1,51,-43.88698959350586,23.987491607666016,-0.004057591976770402,6.0,-20.542695532930836,27.837772823938646,-0.0040575919767707885,6.0,0,[]
114,5.7,-43.66582489013672,23.986589431762695,-0.00402190561816334,4.423235375352348,-1.9479119080694864e-17,0.2307058572769165,0.0,PlanStatus.OK,hybrid_astar,1.0008811950683594,31,0.1,51,-43.66582489013672,23.986589431762695,-0.00402190561816334,6.0,-20.321668246942526,27.83770371843273,-0.004021905618163721,6.0,0,[]
115,5.75,-43.44465637207031,23.98571014404297,-0.004057591976770402,4.423182837160493,-6.849176174134053e-16,0.23072686791419983,0.0,PlanStatus.OK,hybrid_astar,2.0003318786621094,31,0.1,51,-43.44465637207031,23.98571014404297,-0.004057591976770402,6.0,-20.10036231149529,27.8359913603156,-0.0040575919767707885,6.0,0,[]
116,5.800000000000001,-43.22349166870117,23.984806060791016,-0.00402190561816334,4.423149514882909,-1.947942844624396e-17,0.23074018955230713,0.0,PlanStatus.OK,hybrid_astar,1.3546943664550781,31,0.1,51,-43.22349166870117,23.984806060791016,-0.00402190561816334,6.0,-19.87933502550698,27.83592034746105,-0.004021905618163721,6.0,0,[]
117,5.8500000000000005,-43.00232696533203,23.98392677307129,-0.004057591976770402,4.423128932650391,-6.849244466165425e-16,0.23074842989444733,0.0,PlanStatus.OK,hybrid_astar,1.0018348693847656,31,0.1,51,-43.00232696533203,23.98392677307129,-0.004057591976770402,6.0,-19.658032904757004,27.83420798934392,-0.0040575919767707885,6.0,0,[]
118,5.9,-42.781185150146484,23.9830265045166,-0.00402190561816334,4.423119457350733,-1.947953597972359e-17,0.23075221478939056,0.0,PlanStatus.OK,hybrid_astar,0.9989738464355469,31,0.1,51,-42.781185150146484,23.9830265045166,-0.00402190561816334,6.0,-19.43702850695229,27.834140791186638,-0.004021905618163721,6.0,0,[]
119,5.95,-42.56004333496094,23.982147216796875,-0.004057591976770402,4.4231160442783395,-6.849260348033186e-16,0.2307535856962204,0.0,PlanStatus.OK,hybrid_astar,1.0001659393310547,31,0.1,51,-42.56004333496094,23.982147216796875,-0.004057591976770402,6.0,-19.21574927438591,27.832428433069506,-0.0040575919767707885,6.0,0,[]
120,6.0,-42.33890151977539,23.981245040893555,-0.00402190561816334,4.423116109434761,-1.9479547560252166e-17,0.230753555893898,0.0,PlanStatus.OK,hybrid_astar,1.0001659393310547,31,0.1,51,-42.33890151977539,23.981245040893555,-0.00402190561816334,6.0,-18.994744876581198,27.83235932756359,-0.004021905618163721,6.0,0,[]
121,6.050000000000001,-42.117759704589844,23.980365753173828,-0.004057591976770402,4.423118421245581,-6.849257701055226e-16,0.230752632021904,0.0,PlanStatus.OK,hybrid_astar,0.9999275207519531,31,0.1,51,-42.117759704589844,23.980365753173828,-0.004057591976770402,6.0,-18.773465644014816,27.83064696944646,-0.0040575919767707885,6.0,0,[]
122,6.1000000000000005,-41.89661407470703,23.979461669921875,-0.00402190561816334,4.4231223028985704,-1.947952605355624e-17,0.23075108230113983,0.0,PlanStatus.OK,hybrid_astar,2.084970474243164,31,0.1,51,-41.89661407470703,23.979461669921875,-0.00402190561816334,6.0,-18.55245743151284,27.83057595659191,-0.004021905618163721,6.0,0,[]
123,6.15,-41.675472259521484,23.97858428955078,-0.004057591976770402,4.423126046568537,-6.8492481719345695e-16,0.23074957728385925,0.0,PlanStatus.OK,hybrid_astar,1.0001659393310547,31,0.1,51,-41.675472259521484,23.97858428955078,-0.004057591976770402,6.0,-18.331178198946457,27.828865505823412,-0.0040575919767707885,6.0,0,[]
124,6.2,-41.45433044433594,23.977680206298828,-0.00402190561816334,4.423130406202981,-1.9479496275054188e-17,0.23074783384799957,0.0,PlanStatus.OK,hybrid_astar,0.9992122650146484,31,0.1,51,-41.45433044433594,23.977680206298828,-0.00402190561816334,6.0,-18.11017380114175,27.828794492968864,-0.004021905618163721,6.0,0,[]
125,6.25,-41.233177185058594,23.9768009185791,-0.004057591976770402,4.423134626633956,-6.849237054627137e-16,0.23074615001678467,0.0,PlanStatus.OK,hybrid_astar,0.9987354278564453,31,0.1,51,-41.233177185058594,23.9768009185791,-0.004057591976770402,6.0,-17.888883124483566,27.827082134851732,-0.0040575919767707885,6.0,0,[]
126,6.300000000000001,-41.01202392578125,23.97589874267578,-0.00402190561816334,4.423138033969192,-1.9479469805274586e-17,0.23074477910995483,0.0,PlanStatus.OK,hybrid_astar,2.0046234130859375,31,0.1,51,-41.01202392578125,23.97589874267578,-0.00402190561816334,6.0,-17.667867282587064,27.827013029345817,-0.004021905618163721,6.0,0,[]
127,6.3500000000000005,-40.790870666503906,23.975019454956055,-0.004057591976770402,4.423140348475317,-6.849229643088848e-16,0.23074385523796082,0.0,PlanStatus.OK,hybrid_astar,2.5115013122558594,31,0.1,51,-40.790870666503906,23.975019454956055,-0.004057591976770402,6.0,-17.44657660592888,27.825300671228685,-0.0040575919767707885,6.0,0,[]
128,6.4,-40.56971740722656,23.9741153717041,-0.00402190561816334,4.423143277666991,-1.9479449952939885e-17,0.2307426929473877,0.0,PlanStatus.OK,hybrid_astar,0.99945068359375,31,0.1,51,-40.56971740722656,23.9741153717041,-0.00402190561816334,6.0,-17.225560764032377,27.825229658374138,-0.004021905618163721,6.0,0,[]
129,6.45,-40.34856033325195,23.973236083984375,-0.004057591976770402,4.423145592091835,-6.849223290341744e-16,0.23074176907539368,0.0,PlanStatus.OK,hybrid_astar,1.0013580322265625,31,0.1,51,-40.34856033325195,23.973236083984375,-0.004057591976770402,6.0,-17.004266272676926,27.823517300257006,-0.0040575919767707885,6.0,0,[]
130,6.5,-40.12740707397461,23.972333908081055,-0.00402190561816334,4.42314756873724,-1.947943506368886e-17,0.2307409793138504,0.0,PlanStatus.OK,hybrid_astar,0.9992122650146484,31,0.1,51,-40.12740707397461,23.972333908081055,-0.00402190561816334,6.0,-16.783250430780424,27.82344819475109,-0.004021905618163721,6.0,0,[]
131,6.550000000000001,-39.90625,23.971454620361328,-0.004057591976770402,4.423148930353543,-6.849219055177008e-16,0.23074042797088623,0.0,PlanStatus.OK,hybrid_astar,1.001596450805664,31,0.1,51,-39.90625,23.971454620361328,-0.004057591976770402,6.0,-16.561955939424973,27.82173583663396,-0.0040575919767707885,6.0,0,[]
132,6.6000000000000005,-39.685096740722656,23.970550537109375,-0.00402190561816334,4.423150430670465,-1.9479425137521508e-17,0.23073983192443848,0.0,PlanStatus.OK,hybrid_astar,1.9993782043457031,31,0.1,51,-39.685096740722656,23.970550537109375,-0.00402190561816334,6.0,-16.340940097528478,27.82166482377941,-0.004021905618163721,6.0,0,[]
133,6.65,-39.46394348144531,23.96967315673828,-0.004057591976770402,4.4231513146101955,-6.849215878803455e-16,0.23073947429656982,0.0,PlanStatus.OK,hybrid_astar,0.9996891021728516,31,0.1,51,-39.46394348144531,23.96967315673828,-0.004057591976770402,6.0,-16.119649420870285,27.819954373010912,-0.0040575919767707885,6.0,0,[]
134,6.7,-39.2427864074707,23.968769073486328,-0.00402190561816334,4.423151384246543,-1.9479421828799058e-17,0.23073944449424744,0.0,PlanStatus.OK,hybrid_astar,0.0,31,0.1,51,-39.2427864074707,23.968769073486328,-0.00402190561816334,6.0,-15.898629764276524,27.819883360156364,-0.004021905618163721,6.0,0,[]
135,6.75,-39.02163314819336,23.9678897857666,-0.004057591976770402,4.423151314798258,-6.849215878803455e-16,0.23073947429656982,0.0,PlanStatus.OK,hybrid_astar,0.9999275207519531,31,0.1,51,-39.02163314819336,23.9678897857666,-0.004057591976770402,6.0,-15.67733908761833,27.818171002039232,-0.0040575919767707885,6.0,1,"[{""id"": 78, ""x"": -98.85181427001953, ""y"": 27.243488311767578, ""vx"": 7.7676520347595215, ""vy"": 1.8275874853134155, ""r"": 2.5906050205230713}]"
136,6.800000000000001,-38.80047607421875,23.96698760986328,-0.00402190561816334,4.423151383779772,-1.9479421828799058e-17,0.23073944449424744,0.0,PlanStatus.OK,hybrid_astar,0.9987354278564453,31,0.1,51,-38.80047607421875,23.96698760986328,-0.00402190561816334,6.0,-15.456319431024571,27.818101896533317,-0.004021905618163721,6.0,1,"[{""id"": 78, ""x"": -98.46324157714844, ""y"": 27.334735870361328, ""vx"": 7.870782852172852, ""vy"": 1.4632761478424072, ""r"": 2.5906050205230713}]"
137,6.8500000000000005,-38.579322814941406,23.966108322143555,-0.004057591976770402,4.4231513146252786,-6.849215878803455e-16,0.23073947429656982,0.0,PlanStatus.OK,hybrid_astar,1.001119613647461,31,0.1,51,-38.579322814941406,23.966108322143555,-0.004057591976770402,6.0,-15.235028754366377,27.816389538416185,-0.0040575919767707885,6.0,1,"[{""id"": 78, ""x"": -98.07275390625, ""y"": 27.413795471191406, ""vx"": 7.866303443908691, ""vy"": 1.282728910446167, ""r"": 2.5906050205230713}]"
138,6.9,-38.35816955566406,23.9652042388916,-0.00402190561816334,4.423152337762509,-1.9479418520076608e-17,0.2307390719652176,0.0,PlanStatus.OK,hybrid_astar,1.5044212341308594,31,0.1,51,-38.35816955566406,23.9652042388916,-0.00402190561816334,6.0,-15.014012912469891,27.816318525561638,-0.004021905618163721,6.0,1,"[{""id"": 78, ""x"": -97.67898559570312, ""y"": 27.484880447387695, ""vx"": 7.967700481414795, ""vy"": 1.1433311700820923, ""r"": 2.5906050205230713}]"
139,6.95,-38.13701248168945,23.964324951171875,-0.004057591976770402,4.423152268622779,-6.849214820012271e-16,0.23073908686637878,0.0,PlanStatus.OK,hybrid_astar,1.0001659393310547,31,0.1,51,-38.13701248168945,23.964324951171875,-0.004057591976770402,6.0,-14.792718421114424,27.814606167444506,-0.0040575919767707885,6.0,1,"[{""id"": 78, ""x"": -97.28289794921875, ""y"": 27.54949188232422, ""vx"": 7.958342552185059, ""vy"": 1.0529488325119019, ""r"": 2.5906050205230713}]"
140,7.0,-37.91585922241211,23.963422775268555,-0.00402190561816334,4.423152814302161,-1.9479416865715383e-17,0.23073887825012207,0.0,PlanStatus.OK,hybrid_astar,1.0039806365966797,31,0.1,51,-37.91585922241211,23.963422775268555,-0.00402190561816334,6.0,-14.571702579217938,27.81453706193859,-0.004021905618163721,6.0,1,"[{""id"": 78, ""x"": -96.88394165039062, ""y"": 27.608566284179688, ""vx"": 8.04567813873291, ""vy"": 0.9690580368041992, ""r"": 2.5906050205230713}]"
141,7.050000000000001,-37.6947021484375,23.962543487548828,-0.004057591976770402,4.423152744621207,-6.849214290616679e-16,0.23073890805244446,0.0,PlanStatus.OK,hybrid_astar,1.0001659393310547,31,0.1,51,-37.6947021484375,23.962543487548828,-0.004057591976770402,6.0,-14.350408087862471,27.81282470382146,-0.0040575919767707885,6.0,1,"[{""id"": 78, ""x"": -96.48387145996094, ""y"": 27.65761375427246, ""vx"": 8.017255783081055, ""vy"": 0.6779602766036987, ""r"": 2.5906050205230713}]"
142,7.1000000000000005,-37.473548889160156,23.961639404296875,-0.00402190561816334,4.423152813835402,-1.9479416865715383e-17,0.23073887825012207,0.0,PlanStatus.OK,hybrid_astar,1.5037059783935547,31,0.1,51,-37.473548889160156,23.961639404296875,-0.00402190561816334,6.0,-14.129392245965986,27.81275369096691,-0.004021905618163721,6.0,1,"[{""id"": 78, ""x"": -96.08256530761719, ""y"": 27.696218490600586, ""vx"": 8.077165603637695, ""vy"": 0.5163859128952026, ""r"": 2.5906050205230713}]"
143,7.15,-37.25239562988281,23.96076202392578,-0.004057591976770402,4.423152744275259,-6.849214290616679e-16,0.23073890805244446,0.0,PlanStatus.OK,hybrid_astar,1.0001659393310547,31,0.1,51,-37.25239562988281,23.96076202392578,-0.004057591976770402,6.0,-13.908101569307783,27.811043240198412,-0.0040575919767707885,6.0,1,"[{""id"": 78, ""x"": -95.68115997314453, ""y"": 27.72842025756836, ""vx"": 8.028353691101074, ""vy"": 0.43003907799720764, ""r"": 2.5906050205230713}]"
144,7.2,-37.0312385559082,23.959857940673828,-0.00402190561816334,4.423152813617092,-1.9479416865715383e-17,0.23073887825012207,0.0,PlanStatus.OK,hybrid_astar,1.001119613647461,31,0.1,51,-37.0312385559082,23.959857940673828,-0.00402190561816334,6.0,-13.687081912714033,27.810972227343864,-0.004021905618163721,6.0,1,"[{""id"": 78, ""x"": -95.27896881103516, ""y"": 27.75560760498047, ""vx"": 8.079052925109863, ""vy"": 0.35599198937416077, ""r"": 2.5906050205230713}]"
145,7.25,-36.81008529663086,23.9589786529541,-0.004057591976770402,4.423152744380604,-6.849214290616679e-16,0.23073890805244446,0.0,PlanStatus.OK,hybrid_astar,0.99945068359375,31,0.1,51,-36.81008529663086,23.9589786529541,-0.004057591976770402,6.0,-13.465791236055832,27.809259869226732,-0.0040575919767707885,6.0,1,"[{""id"": 78, ""x"": -94.87722778320312, ""y"": 27.77874755859375, ""vx"": 8.02208137512207, ""vy"": 0.31273308396339417, ""r"": 2.5906050205230713}]"
146,7.300000000000001,-36.58892822265625,23.95807647705078,-0.00402190561816334,4.423152813910722,-1.9479416865715383e-17,0.23073887825012207,0.0,PlanStatus.OK,hybrid_astar,0.9975433349609375,31,0.1,51,-36.58892822265625,23.95807647705078,-0.00402190561816334,6.0,-13.244771579462087,27.809190763720817,-0.004021905618163721,6.0,1,"[{""id"": 78, ""x"": -94.47509765625, ""y"": 27.79857635498047, ""vx"": 8.068739891052246, ""vy"": 0.27158498764038086, ""r"": 2.5906050205230713}]"
147,7.3500000000000005,-36.367774963378906,23.957197189331055,-0.004057591976770402,4.4231527449522465,-6.849214290616679e-16,0.23073890805244446,0.0,PlanStatus.OK,hybrid_astar,1.9993782043457031,31,0.1,51,-36.367774963378906,23.957197189331055,-0.004057591976770402,6.0,-13.023480902803879,27.807478405603685,-0.0040575919767707885,6.0,1,"[{""id"": 78, ""x"": -94.07360076904297, ""y"": 27.81569480895996, ""vx"": 8.011287689208984, ""vy"": 0.24556155502796173, ""r"": 2.5906050205230713}]"
148,7.4,-36.14662170410156,23.9562931060791,-0.00402190561816334,4.423152814272025,-1.9479416865715383e-17,0.23073887825012207,0.0,PlanStatus.OK,hybrid_astar,1.0004043579101562,31,0.1,51,-36.14662170410156,23.9562931060791,-0.00402190561816334,6.0,-12.802465060907398,27.807407392749138,-0.004021905618163721,6.0,1,"[{""id"": 78, ""x"": -93.67174530029297, ""y"": 27.83062171936035, ""vx"": 8.060476303100586, ""vy"": 0.22069387137889862, ""r"": 2.5906050205230713}]"
149,7.45,-35.92546463012695,23.955413818359375,-0.004057591976770402,4.4231527449293715,-6.849214290616679e-16,0.23073890805244446,0.0,PlanStatus.OK,hybrid_astar,1.0013580322265625,31,0.1,51,-35.92546463012695,23.955413818359375,-0.004057591976770402,6.0,-12.581170569551926,27.805695034632006,-0.0040575919767707885,6.0,1,"[{""id"": 78, ""x"": -93.27041625976562, ""y"": 27.842628479003906, ""vx"": 8.00754165649414, ""vy"": 0.15876153111457825, ""r"": 2.5906050205230713}]"
150,7.5,-35.70431137084961,23.954511642456055,-0.00402190561816334,4.42315281497217,-1.9479416865715383e-17,0.23073887825012207,0.0,PlanStatus.OK,hybrid_astar,1.0004043579101562,31,0.1,51,-35.70431137084961,23.954511642456055,-0.00402190561816334,6.0,-12.360154727655445,27.80562592912609,-0.004021905618163721,6.0,1,"[{""id"": 78, ""x"": -92.86852264404297, ""y"": 27.852312088012695, ""vx"": 8.061580657958984, ""vy"": 0.1305297613143921, ""r"": 2.5906050205230713}]"
151,7.550000000000001,-35.483154296875,23.953632354736328,-0.004057591976770402,4.423152746004895,-6.849214290616679e-16,0.23073890805244446,0.0,PlanStatus.OK,hybrid_astar,2.0062923431396484,31,0.1,51,-35.483154296875,23.953632354736328,-0.004057591976770402,6.0,-12.138860236299973,27.80391357100896,-0.0040575919767707885,6.0,1,"[{""id"": 78, ""x"": -92.46701049804688, ""y"": 27.86052131652832, ""vx"": 8.009033203125, ""vy"": 0.11544184386730194, ""r"": 2.5906050205230713}]"
152,7.6000000000000005,-35.262001037597656,23.952728271484375,-0.00402190561816334,4.423152815476592,-1.9479416865715383e-17,0.23073887825012207,0.0,PlanStatus.OK,hybrid_astar,0.9999275207519531,31,0.1,51,-35.262001037597656,23.952728271484375,-0.00402190561816334,6.0,-11.917844394403494,27.80384255815441,-0.004021905618163721,6.0,1,"[{""id"": 78, ""x"": -92.0654067993164, ""y"": 27.86762237548828, ""vx"": 8.04721450805664, ""vy"": 0.10284359008073807, ""r"": 2.5906050205230713}]"
153,7.65,-35.04084777832031,23.95185089111328,-0.004057591976770402,4.423152745658873,-6.849214290616679e-16,0.23073890805244446,0.0,PlanStatus.OK,hybrid_astar,0.9992122650146484,31,0.1,51,-35.04084777832031,23.95185089111328,-0.004057591976770402,6.0,-11.696553717745285,27.802132107385912,-0.0040575919767707885,6.0,1,"[{""id"": 78, ""x"": -91.66556549072266, ""y"": 27.873842239379883, ""vx"": 7.961053848266602, ""vy"": 0.094784677028656, ""r"": 2.5906050205230713}]"
154,7.7,-34.8196907043457,23.950946807861328,-0.00402190561816334,4.4231528147463255,-1.382410213169854e-17,0.23073887825012207,0.0,PlanStatus.OK,hybrid_astar,1.0077953338623047,31,0.1,51,-34.8196907043457,23.950946807861328,-0.00402190561816334,6.0,-11.475534061151548,27.802061094531364,-0.004021905618163721,6.0,1,"[{""id"": 78, ""x"": -91.26749420166016, ""y"": 27.879384994506836, ""vx"": 7.961243629455566, ""vy"": 0.08802922815084457, ""r"": 2.5906050205230713}]"
155,7.75,-34.59853744506836,23.9500675201416,-0.004057591976770402,4.42315274504962,-6.899483578453854e-16,0.23073890805244446,0.0,PlanStatus.OK,hybrid_astar,0.9996891021728516,31,0.1,51,-34.59853744506836,23.9500675201416,-0.004057591976770402,6.0,-11.254243384493332,27.800348736414232,-0.0040575919767707885,6.0,1,"[{""id"": 78, ""x"": -90.87313079833984, ""y"": 27.884374618530273, ""vx"": 7.836122989654541, ""vy"": 0.08273644000291824, ""r"": 2.5906050205230713}]"
156,7.800000000000001,-34.37738037109375,23.94916534423828,-0.00402190561816334,4.423152814196764,-1.382410213169854e-17,0.23073887825012207,0.0,PlanStatus.OK,hybrid_astar,1.9996166229248047,31,0.1,51,-34.37738037109375,23.94916534423828,-0.00402190561816334,6.0,-11.033223727899594,27.800279630908317,-0.004021905618163721,6.0,1,"[{""id"": 78, ""x"": -90.48213958740234, ""y"": 27.88894271850586, ""vx"": 7.810519218444824, ""vy"": 0.07885110378265381, ""r"": 2.5906050205230713}]"
157,7.8500000000000005,-34.156227111816406,23.948286056518555,-0.004057591976770402,4.423152744944319,-6.899483578453854e-16,0.23073890805244446,0.0,PlanStatus.OK,hybrid_astar,1.5041828155517578,31,0.1,51,-34.156227111816406,23.948286056518555,-0.004057591976770402,6.0,-10.811933051241379,27.798567272791185,-0.0040575919767707885,6.0,1,"[{""id"": 78, ""x"": -90.09586334228516, ""y"": 27.893171310424805, ""vx"": 7.668265342712402, ""vy"": 0.07529951632022858, ""r"": 2.5906050205230713}]"
158,7.9,-33.93507385253906,23.9473819732666,-0.00402190561816334,4.42315281461842,-1.382410213169854e-17,0.23073887825012207,0.0,PlanStatus.OK,hybrid_astar,0.9999275207519531,31,0.1,51,-33.93507385253906,23.9473819732666,-0.00402190561816334,6.0,-10.590917209344907,27.798496259936638,-0.004021905618163721,6.0,1,"[{""id"": 78, ""x"": -89.71329498291016, ""y"": 27.89714813232422, ""vx"": 7.6425299644470215, ""vy"": 0.0728362500667572, ""r"": 2.5906050205230713}]"
159,7.95,-33.71391677856445,23.946502685546875,-0.004057591976770402,4.423152745779213,-6.899483578453854e-16,0.23073890805244446,0.0,PlanStatus.OK,hybrid_astar,1.0006427764892578,31,0.1,51,-33.71391677856445,23.946502685546875,-0.004057591976770402,6.0,-10.369622717989426,27.796783901819506,-0.0040575919767707885,6.0,1,"[{""id"": 78, ""x"": -89.33523559570312, ""y"": 27.900915145874023, ""vx"": 7.508135795593262, ""vy"": 0.07046318799257278, ""r"": 2.5906050205230713}]"
160,8.0,-33.49276351928711,23.945600509643555,-0.00402190561816334,4.423152815800487,-1.382410213169854e-17,0.23073887825012207,0.0,PlanStatus.OK,hybrid_astar,1.0001659393310547,31,0.1,51,-33.49276351928711,23.945600509643555,-0.00402190561816334,6.0,-10.14860687609296,27.79671479631359,-0.004021905618163721,6.0,1,"[{""id"": 78, ""x"": -88.96011352539062, ""y"": 27.904552459716797, ""vx"": 7.500739574432373, ""vy"": 0.0697430968284607, ""r"": 2.5906050205230713}]"
161,8.05,-33.2716064453125,23.944721221923828,-0.004057591976770402,4.423152746651692,-6.899483578453854e-16,0.23073890805244446,0.0,PlanStatus.OK,hybrid_astar,2.00653076171875,31,0.1,51,-33.2716064453125,23.944721221923828,-0.004057591976770402,6.0,-9.927312384737473,27.79500243819646,-0.0040575919767707885,6.0,1,"[{""id"": 78, ""x"": -88.58851623535156, ""y"": 27.908063888549805, ""vx"": 7.387035846710205, ""vy"": 0.06740111857652664, ""r"": 2.5906050205230713}]"
162,8.1,-33.050453186035156,23.943817138671875,-0.00402190561816334,4.4231528161317994,-1.382410213169854e-17,0.23073887825012207,0.0,PlanStatus.OK,hybrid_astar,1.0008811950683594,31,0.1,51,-33.050453186035156,23.943817138671875,-0.00402190561816334,6.0,-9.706296542841006,27.79493142534191,-0.004021905618163721,6.0,1,"[{""id"": 78, ""x"": -88.21876525878906, ""y"": 27.91109275817871, ""vx"": 7.40203857421875, ""vy"": 0.051281046122312546, ""r"": 2.5906050205230713}]"
163,8.15,-32.82929992675781,23.94293975830078,-0.004057591976770402,4.423152746501259,-6.899483578453854e-16,0.23073890805244446,0.0,PlanStatus.OK,hybrid_astar,1.0001659393310547,31,0.1,51,-32.82929992675781,23.94293975830078,-0.004057591976770402,6.0,-9.485005866182785,27.793220974573412,-0.0040575919767707885,6.0,1,"[{""id"": 78, ""x"": -87.85153198242188, ""y"": 27.91377067565918, ""vx"": 7.306380271911621, ""vy"": 0.04713120684027672, ""r"": 2.5906050205230713}]"
164,8.200000000000001,-32.6081428527832,23.942035675048828,-0.004022438250381356,4.423152815627462,8.263042510899747e-16,0.23073887825012207,0.0,PlanStatus.OK,hybrid_astar,2.0055770874023438,31,0.1,51,-32.6081428527832,23.942035675048828,-0.004022438250381356,6.0,-9.263984158364805,27.79313752786837,-0.0040224382503817185,6.0,1,"[{""id"": 78, ""x"": -87.48539733886719, ""y"": 27.916297912597656, ""vx"": 7.334291934967041, ""vy"": 0.044764503836631775, ""r"": 2.5906050205230713}]"
165,8.25,-32.38698959350586,23.9411563873291,-0.004057591976770402,4.423152745907072,-6.899483578453854e-16,0.23073890805244446,0.0,PlanStatus.OK,hybrid_astar,0.99945068359375,31,0.1,51,-32.38698959350586,23.9411563873291,-0.004057591976770402,6.0,-9.042695532930832,27.791437603601732,-0.0040575919767707885,6.0,1,"[{""id"": 78, ""x"": -87.12138366699219, ""y"": 27.91869354248047, ""vx"": 7.242923259735107, ""vy"": 0.042960718274116516, ""r"": 2.5906050205230713}]"
166,8.3,-32.16583251953125,23.94025421142578,-0.004022438250381356,4.4231528149876125,8.263042510899747e-16,0.23073887825012207,0.0,PlanStatus.OK,hybrid_astar,0.9989738464355469,31,0.1,51,-32.16583251953125,23.94025421142578,-0.004022438250381356,6.0,-8.821673825112851,27.791356064245324,-0.0040224382503817185,6.0,1,"[{""id"": 78, ""x"": -86.75847625732422, ""y"": 27.921003341674805, ""vx"": 7.268483638763428, ""vy"": 0.042350612580776215, ""r"": 2.5906050205230713}]"
167,8.35,-31.944679260253906,23.939374923706055,-0.004057591976770402,4.423152268818089,-6.899484107849446e-16,0.23073908686637878,0.0,PlanStatus.OK,hybrid_astar,2.000570297241211,31,0.1,51,-31.944679260253906,23.939374923706055,-0.004057591976770402,6.0,-8.600385199678879,27.789656139978685,-0.0040575919767707885,6.0,1,"[{""id"": 78, ""x"": -86.39803314208984, ""y"": 27.923229217529297, ""vx"": 7.1670660972595215, ""vy"": 0.04117242619395256, ""r"": 2.5906050205230713}]"
168,8.4,-31.72352409362793,23.9384708404541,-0.004022438250381356,4.423152338229496,8.263043569690931e-16,0.2307390719652176,0.0,PlanStatus.OK,hybrid_astar,0.99945068359375,31,0.1,51,-31.72352409362793,23.9384708404541,-0.004022438250381356,6.0,-8.379365399209531,27.789572693273644,-0.0040224382503817185,6.0,1,"[{""id"": 78, ""x"": -86.03926849365234, ""y"": 27.925405502319336, ""vx"": 7.180908679962158, ""vy"": 0.04124181345105171, ""r"": 2.5906050205230713}]"
169,8.450000000000001,-31.502370834350586,23.937591552734375,-0.004057591976770402,4.42315226905125,-6.899484107849446e-16,0.23073908686637878,0.0,PlanStatus.OK,hybrid_astar,0.9989738464355469,31,0.1,51,-31.502370834350586,23.937591552734375,-0.004057591976770402,6.0,-8.158076773775559,27.787872769007006,-0.0040575919767707885,6.0,1,"[{""id"": 78, ""x"": -85.68364715576172, ""y"": 27.927501678466797, ""vx"": 7.065014362335205, ""vy"": 0.03944395110011101, ""r"": 2.5906050205230713}]"
170,8.5,-31.28121566772461,23.936689376831055,-0.004022438250381356,4.423152338206801,8.263043569690931e-16,0.2307390719652176,0.0,PlanStatus.OK,hybrid_astar,0.9999275207519531,31,0.1,51,-31.28121566772461,23.936689376831055,-0.004022438250381356,6.0,-7.937056973306207,27.787791229650598,-0.0040224382503817185,6.0,1,"[{""id"": 78, ""x"": -85.3302993774414, ""y"": 27.929540634155273, ""vx"": 7.069189071655273, ""vy"": 0.03904733434319496, ""r"": 2.5906050205230713}]"
171,8.55,-31.060060501098633,23.935810089111328,-0.004057591976770402,4.423152268855683,-6.899484107849446e-16,0.23073908686637878,0.0,PlanStatus.OK,hybrid_astar,0.9984970092773438,31,0.1,51,-31.060060501098633,23.935810089111328,-0.004057591976770402,6.0,-7.7157664405236055,27.78609130538396,-0.0040575919767707885,6.0,1,"[{""id"": 78, ""x"": -84.98054504394531, ""y"": 27.931547164916992, ""vx"": 6.944839954376221, ""vy"": 0.03895509988069534, ""r"": 2.5906050205230713}]"
172,8.6,-30.838905334472656,23.934906005859375,-0.004022438250381356,4.423152338206859,8.263043569690931e-16,0.2307390719652176,0.0,PlanStatus.OK,hybrid_astar,0.99945068359375,31,0.1,51,-30.838905334472656,23.934906005859375,-0.004022438250381356,6.0,-7.494746640054254,27.786007858678918,-0.0040224382503817185,6.0,1,"[{""id"": 78, ""x"": -84.63323974609375, ""y"": 27.933517456054688, ""vx"": 6.947884559631348, ""vy"": 0.03844519704580307, ""r"": 2.5906050205230713}]"
173,8.65,-30.61775016784668,23.93402862548828,-0.004057591976770402,4.423152268833111,-6.899484107849446e-16,0.23073908686637878,0.0,PlanStatus.OK,hybrid_astar,2.0008087158203125,31,0.1,51,-30.61775016784668,23.93402862548828,-0.004057591976770402,6.0,-7.273456107271652,27.784309841760912,-0.0040575919767707885,6.0,1,"[{""id"": 78, ""x"": -84.28955078125, ""y"": 27.935420989990234, ""vx"": 6.824437618255615, ""vy"": 0.03670968860387802, ""r"": 2.5906050205230713}]"
174,8.700000000000001,-30.396596908569336,23.933124542236328,-0.004022438250381356,4.42315233849285,8.263043569690931e-16,0.2307390719652176,0.0,PlanStatus.OK,hybrid_astar,0.9982585906982422,31,0.1,51,-30.396596908569336,23.933124542236328,-0.004022438250381356,6.0,-7.052438214150934,27.78422639505587,-0.0040224382503817185,6.0,1,"[{""id"": 78, ""x"": -83.94807434082031, ""y"": 27.937334060668945, ""vx"": 6.834461688995361, ""vy"": 0.03825604170560837, ""r"": 2.5906050205230713}]"
175,8.75,-30.17544174194336,23.9322452545166,-0.004057591976770402,4.423152269434826,-6.899484107849446e-16,0.23073908686637878,0.0,PlanStatus.OK,hybrid_astar,0.9982585906982422,31,0.1,51,-30.17544174194336,23.9322452545166,-0.004057591976770402,6.0,-6.831147681368332,27.782526470789232,-0.0040575919767707885,6.0,1,"[{""id"": 78, ""x"": -83.60983276367188, ""y"": 27.939231872558594, ""vx"": 6.718471527099609, ""vy"": 0.037597570568323135, ""r"": 2.5906050205230713}]"
176,8.8,-29.954286575317383,23.93134307861328,-0.004022438250381356,4.423152338914451,8.263043569690931e-16,0.2307390570640564,0.0,PlanStatus.OK,hybrid_astar,0.9992122650146484,31,0.1,51,-29.954286575317383,23.93134307861328,-0.004022438250381356,6.0,-6.610127880898981,27.782444931432824,-0.0040224382503817185,6.0,1,"[{""id"": 78, ""x"": -83.27333068847656, ""y"": 27.940929412841797, ""vx"": 6.738925457000732, ""vy"": 0.030093077570199966, ""r"": 2.5906050205230713}]"
177,8.85,-29.733131408691406,23.930463790893555,-0.004057591976770402,4.4231522697732935,-6.899484107849446e-16,0.23073908686637878,0.0,PlanStatus.OK,hybrid_astar,0.5052089691162109,31,0.1,51,-29.733131408691406,23.930463790893555,-0.004057591976770402,6.0,-6.388837348116379,27.780745007166185,-0.0040575919767707885,6.0,1,"[{""id"": 78, ""x"": -82.9395980834961, ""y"": 27.94247817993164, ""vx"": 6.63131046295166, ""vy"": 0.028356803581118584, ""r"": 2.5906050205230713}]"
178,8.9,-29.51197624206543,23.9295597076416,-0.004022438250381356,4.423152339087605,8.263043569690931e-16,0.2307390570640564,0.0,PlanStatus.OK,hybrid_astar,1.001119613647461,31,0.1,51,-29.51197624206543,23.9295597076416,-0.004022438250381356,6.0,-6.167817547647028,27.780661560461144,-0.0040224382503817185,6.0,1,"[{""id"": 78, ""x"": -82.60720825195312, ""y"": 27.943965911865234, ""vx"": 6.659749984741211, ""vy"": 0.027480892837047577, ""r"": 2.5906050205230713}]"
179,8.950000000000001,-29.290822982788086,23.928680419921875,-0.004058124869062743,4.423152269735684,1.9655361424553413e-15,0.23073908686637878,0.0,PlanStatus.OK,hybrid_astar,2.0079612731933594,31,0.1,51,-29.290822982788086,23.928680419921875,-0.004058124869062743,6.0,-5.946526870431214,27.77894919619956,-0.004058124869063082,6.0,1,"[{""id"": 78, ""x"": -82.27730560302734, ""y"": 27.945402145385742, ""vx"": 6.5557098388671875, ""vy"": 0.026509108021855354, ""r"": 2.5906050205230713}]"
180,9.0,-29.06966781616211,23.927778244018555,-0.004022438250381356,4.423152338839154,8.263043569690931e-16,0.2307390570640564,0.0,PlanStatus.OK,hybrid_astar,0.9996891021728516,31,0.1,51,-29.06966781616211,23.927778244018555,-0.004022438250381356,6.0,-5.725509121743707,27.778880096838098,-0.0040224382503817185,6.0,1,"[{""id"": 78, ""x"": -81.9486312866211, ""y"": 27.94681167602539, ""vx"": 6.585717678070068, ""vy"": 0.026710299775004387, ""r"": 2.5906050205230713}]"
181,9.05,-28.848512649536133,23.926898956298828,-0.004058124869062743,4.423152269269351,1.9655361424553413e-15,0.23073908686637878,0.0,PlanStatus.OK,hybrid_astar,0.9996891021728516,31,0.1,51,-28.848512649536133,23.926898956298828,-0.004058124869062743,6.0,-5.504216537179261,27.777167732576512,-0.004058124869063082,6.0,1,"[{""id"": 78, ""x"": -81.62252044677734, ""y"": 27.948183059692383, ""vx"": 6.478477478027344, ""vy"": 0.025930482894182205, ""r"": 2.5906050205230713}]"
182,9.1,-28.627357482910156,23.925994873046875,-0.004022438250381356,4.423152338455186,8.263043569690931e-16,0.2307390719652176,0.0,PlanStatus.OK,hybrid_astar,2.0520687103271484,31,0.1,51,-28.627357482910156,23.925994873046875,-0.004022438250381356,6.0,-5.283198788491754,27.777096725866418,-0.0040224382503817185,6.0,1,"[{""id"": 78, ""x"": -81.2978286743164, ""y"": 27.949525833129883, ""vx"": 6.504626274108887, ""vy"": 0.02557506412267685, ""r"": 2.5906050205230713}]"
183,9.15,-28.40620231628418,23.92511749267578,-0.004058124869062743,4.423152269479952,1.9655361424553413e-15,0.23073908686637878,0.0,PlanStatus.OK,hybrid_astar,1.9996166229248047,31,0.1,51,-28.40620231628418,23.92511749267578,-0.004058124869062743,6.0,-5.0619062039273075,27.775386268953465,-0.004058124869063082,6.0,1,"[{""id"": 78, ""x"": -80.9759750366211, ""y"": 27.95083236694336, ""vx"": 6.390581130981445, ""vy"": 0.025009917095303535, ""r"": 2.5906050205230713}]"
184,9.200000000000001,-28.185049057006836,23.924213409423828,-0.004022438250381356,4.423152815747694,8.263042510899747e-16,0.23073887825012207,0.0,PlanStatus.OK,hybrid_astar,1.5065670013427734,31,0.1,51,-28.185049057006836,23.924213409423828,-0.004022438250381356,6.0,-4.840890362588434,27.77531526224337,-0.0040224382503817185,6.0,1,"[{""id"": 78, ""x"": -80.65582275390625, ""y"": 27.952159881591797, ""vx"": 6.411955833435059, ""vy"": 0.026680344715714455, ""r"": 2.5906050205230713}]"
185,9.25,-27.96389389038086,23.9233341217041,-0.004058124869062743,4.42315274655391,1.9655359306971045e-15,0.23073890805244446,0.0,PlanStatus.OK,hybrid_astar,1.9996166229248047,31,0.1,51,-27.96389389038086,23.9233341217041,-0.004058124869062743,6.0,-4.619597778023985,27.773602897981785,-0.004058124869063082,6.0,1,"[{""id"": 78, ""x"": -80.33879089355469, ""y"": 27.9534912109375, ""vx"": 6.292230129241943, ""vy"": 0.026235666126012802, ""r"": 2.5906050205230713}]"
186,9.3,-27.742738723754883,23.92243194580078,-0.004022438250381356,4.423152815853089,8.263042510899747e-16,0.23073887825012207,0.0,PlanStatus.OK,hybrid_astar,3.005504608154297,31,0.1,51,-27.742738723754883,23.92243194580078,-0.004022438250381356,6.0,-4.39858002933648,27.773533798620324,-0.0040224382503817185,6.0,1,"[{""id"": 78, ""x"": -80.02360534667969, ""y"": 27.954811096191406, ""vx"": 6.312074661254883, ""vy"": 0.026309534907341003, ""r"": 2.5906050205230713}]"
187,9.35,-27.521583557128906,23.921552658081055,-0.004058124869062743,4.423152746696819,1.9655359306971045e-15,0.23073890805244446,0.0,PlanStatus.OK,hybrid_astar,1.9991397857666016,31,0.1,51,-27.521583557128906,23.921552658081055,-0.004058124869062743,6.0,-4.177287444772032,27.77182143435874,-0.004058124869063082,6.0,1,"[{""id"": 78, ""x"": -79.71161651611328, ""y"": 27.956077575683594, ""vx"": 6.190942764282227, ""vy"": 0.024446533992886543, ""r"": 2.5906050205230713}]"
188,9.4,-27.30042839050293,23.9206485748291,-0.004022438250381356,4.423152816078943,8.263042510899747e-16,0.23073887825012207,0.0,PlanStatus.OK,hybrid_astar,3.1783580780029297,31,0.1,51,-27.30042839050293,23.9206485748291,-0.004022438250381356,6.0,-3.956269696084526,27.771750427648644,-0.0040224382503817185,6.0,1,"[{""id"": 78, ""x"": -79.40142059326172, ""y"": 27.95734405517578, ""vx"": 6.21382474899292, ""vy"": 0.02550492435693741, ""r"": 2.5906050205230713}]"
189,9.450000000000001,-27.079275131225586,23.919769287109375,-0.004058124869062743,4.42315274684725,1.9655359306971045e-15,0.23073890805244446,0.0,PlanStatus.OK,hybrid_astar,3.998994827270508,31,0.1,51,-27.079275131225586,23.919769287109375,-0.004058124869062743,6.0,-3.7349790188687173,27.77003806338706,-0.004058124869063082,6.0,1,"[{""id"": 78, ""x"": -79.0942611694336, ""y"": 27.958608627319336, ""vx"": 6.095560550689697, ""vy"": 0.025026053190231323, ""r"": 2.5906050205230713}]"
190,9.5,-26.85811996459961,23.918867111206055,-0.004022438250381356,4.423152816139169,8.263042510899747e-16,0.23073887825012207,0.0,PlanStatus.OK,hybrid_astar,4.5566558837890625,31,0.1,51,-26.85811996459961,23.918867111206055,-0.004022438250381356,6.0,-3.5139612701812055,27.769968964025598,-0.0040224382503817185,6.0,1,"[{""id"": 78, ""x"": -78.78865051269531, ""y"": 27.95986557006836, ""vx"": 6.124581813812256, ""vy"": 0.025140129029750824, ""r"": 2.5906050205230713}]"
191,9.55,-26.636964797973633,23.917987823486328,-0.004058124869062743,4.423152746862294,1.9655359306971045e-15,0.23073890805244446,0.0,PlanStatus.OK,hybrid_astar,4.000186920166016,31,0.1,51,-26.636964797973633,23.917987823486328,-0.004058124869062743,6.0,-3.292668685616764,27.768256599764012,-0.004058124869063082,6.0,1,"[{""id"": 78, ""x"": -78.48580169677734, ""y"": 27.96110725402832, ""vx"": 6.0110321044921875, ""vy"": 0.02466585859656334, ""r"": 2.5906050205230713}]"
192,9.600000000000001,-26.415809631347656,23.917083740234375,-0.004022438250381356,4.4231528161768034,-0.17142857611179352,0.23073887825012207,0.0,PlanStatus.OK,hybrid_astar,6.510496139526367,31,0.1,51,-26.415809631347656,23.917083740234375,-0.004022438250381356,6.0,-5.796408237864884,28.53558004139229,0.1018434309352141,6.0,1,"[{""id"": 78, ""x"": -78.1842269897461, ""y"": 27.962345123291016, ""vx"": 6.046107769012451, ""vy"": 0.024802152067422867, ""r"": 2.5906050205230713}]"
193,9.65,-26.1953125,23.910783767700195,-0.0086930909503853,4.402532243380766,-0.34285715222358704,0.23898710310459137,0.0,PlanStatus.OK,hybrid_astar,6.000280380249023,31,0.1,51,-26.1953125,23.910783767700195,-0.0086930909503853,6.0,-5.5545646984053985,28.432923980070456,0.0971727782352101,6.0,1,"[{""id"": 78, ""x"": -77.88521575927734, ""y"": 27.963571548461914, ""vx"": 5.935667514801025, ""vy"": 0.02434384450316429, ""r"": 2.5906050205230713}]"
194,9.700000000000001,-25.977645874023438,23.89197540283203,-0.02248187329023091,4.3593928190063735,-0.43868932127952576,0.25624287128448486,0.0,PlanStatus.OK,hybrid_astar,6.514072418212891,31,0.1,51,-25.977645874023438,23.89197540283203,-0.02248187329023091,6.0,-5.276507428187119,28.12908396359444,0.0833839958953644,6.0,1,"[{""id"": 78, ""x"": -77.58731079101562, ""y"": 27.96470069885254, ""vx"": 5.973648548126221, ""vy"": 0.020856615155935287, ""r"": 2.5906050205230713}]"
195,9.75,-25.765199661254883,23.858388900756836,-0.045477740832036324,4.3004723633081765,-0.4401218891143799,0.2798110544681549,0.0,PlanStatus.OK,hybrid_astar,6.355524063110352,31,0.1,51,-25.765199661254883,23.858388900756836,-0.045477740832036324,6.0,-4.972107058013137,27.618378515420964,0.060388128353559015,6.0,1,"[{""id"": 78, ""x"": -77.29193115234375, ""y"": 27.965761184692383, ""vx"": 5.862491130828857, ""vy"": 0.01996627077460289, ""r"": 2.5906050205230713}]"
196,9.8,-25.558500289916992,23.810739517211914,-0.07520982467984497,4.2750409127298195,-0.44075003266334534,0.2899836301803589,0.0,PlanStatus.OK,hybrid_astar,8.042573928833008,31,0.1,51,-25.558500289916992,23.810739517211914,-0.07520982467984497,6.0,-4.662821666886682,26.950936452501566,0.03065604450575045,6.0,1,"[{""id"": 78, ""x"": -76.99771881103516, ""y"": 27.966781616210938, ""vx"": 5.899484157562256, ""vy"": 0.019199978560209274, ""r"": 2.5906050205230713}]"
197,9.850000000000001,-25.354806900024414,23.753265380859375,-0.1070543653550073,4.282589692231273,-0.269321471452713,0.2869641184806824,0.0,PlanStatus.OK,hybrid_astar,52.28233337402344,1,0.1,1,-25.354806900024414,23.753265380859375,-0.1070543653550073,6.0,-25.354806900024414,23.753265380859375,-0.1070543653550073,6.0,1,"[{""id"": 78, ""x"": -76.70616149902344, ""y"": 27.967763900756836, ""vx"": 5.784430027008057, ""vy"": 0.018275724723935127, ""r"": 2.5906050205230713}]"
198,9.9,-25.149492263793945,23.693376541137695,-0.1342431511677363,4.331273715580924,-0.0978928878903389,0.2674905061721802,0.0,PlanStatus.OK,hybrid_astar,51.82981491088867,1,0.1,1,-25.149492263793945,23.693376541137695,-0.1342431511677363,6.0,-25.149492263793945,23.693376541137695,-0.1342431511677363,6.0,1,"[{""id"": 78, ""x"": -76.41592407226562, ""y"": 27.96873664855957, ""vx"": 5.818711280822754, ""vy"": 0.01873684674501419, ""r"": 2.5906050205230713}]"
199,9.950000000000001,-24.939306259155273,23.640304565429688,-0.15078355367789245,4.359357581278953,0.0,0.25625696778297424,0.0,PlanStatus.OK,hybrid_astar,52.501678466796875,1,0.1,1,-24.939306259155273,23.640304565429688,-0.15078355367789245,6.0,-24.939306259155273,23.640304565429688,-0.15078355367789245,6.0,1,"[{""id"": 78, ""x"": -76.12854766845703, ""y"": 27.96973419189453, ""vx"": 5.699398040771484, ""vy"": 0.019815776497125626, ""r"": 2.5906050205230713}]"
200,10.0,-24.72541046142578,23.598012924194336,-0.15626650301966122,4.3668188413560705,0.0,0.25327247381210327,0.0,PlanStatus.OK,hybrid_astar,51.206111907958984,1,0.1,1,-24.72541046142578,23.598012924194336,-0.15626650301966122,6.0,-24.72541046142578,23.598012924194336,-0.15626650301966122,6.0,1,"[{""id"": 78, ""x"": -75.84262084960938, ""y"": 27.970706939697266, ""vx"": 5.73230504989624, ""vy"": 0.018677711486816406, ""r"": 2.5906050205230713}]"
201,10.05,-24.509645462036133,23.5615177154541,-0.1571858428727134,4.3832387711704675,0.0,0.24670448899269104,0.0,PlanStatus.OK,hybrid_astar,51.31220817565918,1,0.1,1,-24.509645462036133,23.5615177154541,-0.1571858428727134,6.0,-24.509645462036133,23.5615177154541,-0.1571858428727134,6.0,1,"[{""id"": 78, ""x"": -75.55962371826172, ""y"": 27.9716739654541, ""vx"": 5.611042499542236, ""vy"": 0.019260581582784653, ""r"": 2.5906050205230713}]"
202,10.100000000000001,-24.292932510375977,23.526498794555664,-0.15729606445232905,4.3945928689483305,0.0,0.24216285347938538,0.0,PlanStatus.OK,hybrid_astar,51.618099212646484,1,0.1,1,-24.292932510375977,23.526498794555664,-0.15729606445232905,6.0,-24.292932510375977,23.526498794555664,-0.15729606445232905,6.0,1,"[{""id"": 78, ""x"": -75.27806091308594, ""y"": 27.9726505279541, ""vx"": 5.645637512207031, ""vy"": 0.019489722326397896, ""r"": 2.5906050205230713}]"
203,10.15,-24.075580596923828,23.49184226989746,-0.1573354792364622,4.406084716981921,-0.17142857611179352,0.23756611347198486,0.0,PlanStatus.OK,hybrid_astar,18.030643463134766,41,0.1,51,-24.075580596923828,23.49184226989746,-0.1573354792364622,6.0,-0.5832481641245199,29.120226330872462,0.18152390913988464,6.0,1,"[{""id"": 78, ""x"": -74.99937438964844, ""y"": 27.97357177734375, ""vx"": 5.525534629821777, ""vy"": 0.01741262897849083, ""r"": 2.5906050205230713}]"
204,10.200000000000001,-23.85878562927246,23.453426361083984,-0.1606884323383856,4.400211274388998,-0.34285715222358704,0.23991549015045166,0.0,PlanStatus.OK,hybrid_astar,14.5111083984375,41,0.1,51,-23.85878562927246,23.453426361083984,-0.1606884323383856,6.0,-0.3477135777734626,29.003010242801107,0.17817095603795974,6.0,1,"[{""id"": 78, ""x"": -74.72195434570312, ""y"": 27.974464416503906, ""vx"": 5.564486503601074, ""vy"": 0.017449215054512024, ""r"": 2.5906050205230713}]"
205,10.25,-23.646142959594727,23.392316818237305,-0.17145827243142284,4.246634535092301,-0.4414588212966919,0.30134618282318115,0.0,PlanStatus.OK,hybrid_astar,15.594959259033203,41,0.1,51,-23.646142959594727,23.392316818237305,-0.17145827243142284,6.0,-0.07666743755703426,28.68837326497745,0.16740111594492332,6.0,1,"[{""id"": 78, ""x"": -74.44722747802734, ""y"": 27.975370407104492, ""vx"": 5.447381496429443, ""vy"": 0.018023047596216202, ""r"": 2.5906050205230713}]"
206,10.3,-23.443798065185547,23.333730697631836,-0.19086534315083234,4.206715687511417,-0.27003026008605957,0.3173137307167053,0.0,PlanStatus.OK,hybrid_astar,18.03135871887207,41,0.1,51,-23.443798065185547,23.333730697631836,-0.19086534315083234,6.0,1.7446317808923864,28.507765959108863,0.22152770627032847,6.0,1,"[{""id"": 78, ""x"": -74.17357635498047, ""y"": 27.97628402709961, ""vx"": 5.491214275360107, ""vy"": 0.0182777252048254, ""r"": 2.5906050205230713}]"
207,10.350000000000001,-23.24550437927246,23.265783309936523,-0.21296799894659277,4.215660001451077,-0.09860166907310486,0.3137359917163849,0.0,PlanStatus.OK,hybrid_astar,17.034292221069336,41,0.1,51,-23.24550437927246,23.265783309936523,-0.21296799894659277,6.0,2.0511237076535713,27.881868927593707,0.19942505047457024,6.0,1,"[{""id"": 78, ""x"": -73.90242767333984, ""y"": 27.977163314819336, ""vx"": 5.37654972076416, ""vy"": 0.0167593602091074, ""r"": 2.5906050205230713}]"
208,10.4,-23.09819793701172,23.247997283935547,-0.21754172844745168,2.449064032699622,0.07282689958810806,0.6000000238418579,0.0,PlanStatus.OK,hybrid_astar,16.49188995361328,41,0.1,51,-23.09819793701172,23.247997283935547,-0.21754172844745168,6.0,0.3412367119765854,29.753032808391037,-0.2699559107658254,6.0,1,"[{""id"": 78, ""x"": -73.63221740722656, ""y"": 27.97804069519043, ""vx"": 5.4232916831970215, ""vy"": 0.01783783547580242, ""r"": 2.5906050205230713}]"
